feature_1,feature_2,feature_3,feature_4,feature_5,feature_6,velocity_1,velocity_2,velocity_3,pose_label,bonus_score,mistake_type,difficulty_level,correction_vector_1,correction_vector_2,correction_vector_3
84.4405994097654,91.59451092344692,171.3952064610007,175.05257642403262,42.09560932988242,42.37415096410926,-1.9575775704046228,0.24756431632237863,-0.6805498135788426,1,0.8366809019706868,none,hard,0.0,0.0,0.0
74.80753319498365,94.71370998892911,156.37963886718182,148.81544447997064,66.98473153382331,41.61335549270196,1.803075385877797,-0.49500748030457054,-4.867350388401334,0,0.3529847965068651,back_not_straight,hard,9.664617716135766,-0.6647421350404024,7.198808134726413
79.86640192134954,95.59711805780918,173.89596317257502,164.49451121825084,50.65114096948518,46.865594573647094,-1.089393924267592,-3.177639122119377,2.5536141031765247,1,0.8346729307015545,none,hard,0.0,0.0,0.0
91.61499898639148,83.03291529563649,159.10832876588145,164.78051795882584,45.86346853262756,46.620993837763656,0.7044397440539942,0.20834260025823692,4.61172024349349,1,0.8653081537611671,none,hard,0.0,0.0,0.0
91.31743020115105,98.20885558007038,172.3040815007432,170.42961735815408,37.45021358891695,48.60751231179323,-3.3473306093699753,-4.843635932588061,-0.765985192936304,1,0.8592547011408165,none,hard,0.0,0.0,0.0
93.18152554172585,85.46639665710035,172.38021293713487,176.5183063419929,46.05793506163008,47.98522323089538,3.5003857778979928,-0.5054932586179657,-4.045898835095887,1,0.9829919351087562,none,hard,0.0,0.0,0.0
96.06086171066563,96.16748402271529,162.12922356527972,173.18976471612444,34.777884890900424,50.34740443098465,3.4891382426608395,2.2172952116487323,-2.6401508025104423,1,0.9943424190778207,none,hard,0.0,0.0,0.0
87.74199212610326,75.51663492157537,172.25733617165892,168.2986812298041,84.50292330918185,29.62363666783703,-2.7120183450837754,-4.23020090171207,-2.1024854708623195,0,0.5630265895704372,head_tilted,hard,-5.014155417022501,-1.7923415392874062,5.1110227708609735
103.73103176553111,94.93126664489526,162.05359694349443,177.69901149670034,46.456163240220604,59.52967485799334,1.4769012054136237,-4.994796230046842,-1.4743114366583097,0,0.24883518188026935,arms_too_high,hard,-2.8740432384605015,8.136568830915081,-4.557355012307294
90.63506119685898,83.75278138600036,179.72557807243393,169.2333177124193,40.4650638729756,40.91322922438585,-2.812357804269298,0.5810200201734119,-0.9616382894195921,1,0.8336582084345862,none,hard,0.0,0.0,0.0
77.30974475316441,77.66265946829907,186.30090534558911,185.07480321053947,38.37350965160981,43.73752372228234,0.5289308907132799,0.9269672387939352,-4.191466736672847,0,0.4537405378805455,knees_too_low,hard,3.614109031095335,0.6186916663427269,-1.044336708538168
93.63916557082933,86.9046531982252,171.7807991519469,169.8905956283062,51.09025218878255,43.05270987848259,-3.4928245603457055,0.0819877674071865,1.9581280679088184,1,0.9596690249969102,none,hard,0.0,0.0,0.0
84.51623850711405,86.58849218039865,174.43755807208134,173.02741565423838,41.39851003570593,43.65033115462155,-1.024279789124777,0.17751350527480092,3.3771010590732793,1,0.9881046528979208,none,hard,0.0,0.0,0.0
85.81209304118443,93.3859303279105,179.3615955866036,171.98186970032222,41.87191852383534,42.38769260233708,0.1663589127101428,-2.39170825169591,4.962536997579242,1,0.9964336686658871,none,hard,0.0,0.0,0.0
95.00242803881052,90.7621043112963,166.99301377214135,165.76692821567602,49.080763614406855,47.35853645763489,-0.9549187287780994,3.8777009876095985,3.509284487675128,1,0.9712648583756185,none,hard,0.0,0.0,0.0
93.2652415552488,95.51343732731355,160.75098531417885,175.84315621725267,40.07309101437156,39.53029795465763,-0.5157585701375265,4.944574626108206,-3.240747473226546,1,0.8971227507172453,none,hard,0.0,0.0,0.0
70.04888901727823,89.62068561643308,190.1475231844517,158.9817852507871,30.601580518291406,61.57392327675224,4.78892858275009,-0.13257847040544846,4.060987877185539,0,0.40352563073550396,head_tilted,hard,2.726652363717907,-4.990763627888317,1.7974169512108773
96.5017257399827,83.28238117966283,174.25060291061928,171.97169975732416,44.9765200266322,37.145940082361925,2.68554014306309,-4.5639622824556625,4.9455051079734105,1,0.9144008398418366,none,hard,0.0,0.0,0.0
93.03487854784312,88.25549408613624,173.03064681549543,160.278852031252,46.68199381893126,45.25314905457583,-1.9430298071281813,-3.0908896884965396,-2.3152514310984316,1,0.8150692512012256,none,hard,0.0,0.0,0.0
83.29298251026918,81.89152689528258,164.261400135875,176.94801414073297,40.72379740560095,39.86469120532202,3.4866979492467447,-3.633786685579712,2.0891099691011856,1,0.8645101528477201,none,hard,0.0,0.0,0.0
86.66528312521744,81.54090871874848,173.2839866558199,162.82049590312985,39.08367189272791,47.474978270958474,-1.0321617278611162,-4.49231468960603,3.8661714895065984,1,0.8141881833999856,none,hard,0.0,0.0,0.0
66.59164391344096,120.00522133659155,151.99802393404755,188.02070666326537,47.24750574509397,47.11361052106983,0.2224326005480437,2.6999355309861084,-2.8417897250315685,0,0.21493927549968578,knees_too_low,hard,6.452011213193167,-2.7961871717747417,-7.458789746962305
101.94517978696231,99.21706879160267,176.8171774547585,174.14382988802438,45.07571639129932,47.210370084333654,2.9518619476870365,-2.291677487379258,-0.6102857929436389,1,0.8645912945882492,none,hard,0.0,0.0,0.0
97.57480918470685,102.98632791255181,151.99555389416335,164.98248146238578,37.87582033258566,35.200061511394324,0.16696257426566685,1.571113285001669,-0.6432710132210895,0,0.23754931603251672,core_unengaged,hard,-6.342680057853853,8.692279946794194,2.7654118768670077
90.43282907261278,87.03558633769822,166.59997832941028,168.68297077566365,43.596725623295896,41.98012040251126,-3.2466973011066145,-4.828388981682497,2.63364423003911,1,0.9959021057243017,none,hard,0.0,0.0,0.0
87.59375933088246,79.53102997982468,167.89976267686242,170.69602055478407,45.00906805597338,48.77967640895826,1.8396376939814107,1.1585116438991383,4.438916045607572,1,0.9078754896800125,none,hard,0.0,0.0,0.0
91.72034065701011,94.63116271442517,173.039192701674,175.1625639641394,39.82798821757158,46.021414710006646,3.206394757439554,1.2593967010157279,3.204268437712681,1,0.9622408353472006,none,hard,0.0,0.0,0.0
86.65512586341657,85.65957887297756,167.27481192326454,163.66308849243833,45.55149789316711,42.84987307075042,1.5572263538074216,-1.1460337903443496,1.8161366897278972,1,0.8673108429777453,none,hard,0.0,0.0,0.0
89.85789271200467,81.41787777028014,164.78519303198576,176.63235834159525,47.243243370260025,44.60634158166096,-0.7652905769188143,0.6852028374995829,0.7592457525808456,1,0.9095943766496175,none,hard,0.0,0.0,0.0
88.16118608673487,87.26138258520335,175.21837822684375,171.1448926909427,37.32967440650536,46.81534801668654,2.3990876044737455,-2.617638475960206,-1.2227111382370515,1,0.9359689559800491,none,hard,0.0,0.0,0.0
77.71703427113303,89.61733969324227,167.05173571656417,168.50849388418146,42.94354704670093,49.92011772281545,1.7676990442430327,-0.1747905035735755,-0.06974342228195063,1,0.9913601770252913,none,hard,0.0,0.0,0.0
93.02861162704193,77.92894972386756,148.39020891789775,174.03976481378808,72.20499863818361,51.06874342676287,-0.7390852495305893,-2.7742358242896947,-1.0334839804574814,0,0.4752120040700156,head_tilted,hard,6.7392774847474755,7.337374106216828,6.769615275279701
90.22175278749533,84.11936261005465,172.22753450640693,162.6912167198214,46.44941405768563,44.06387521825593,-1.4978175329968648,2.0818119558319985,-0.18333012035884622,1,0.9183777477642568,none,hard,0.0,0.0,0.0
84.90329266379965,94.15979093287255,166.3783310232645,160.6211068071803,42.128992755961605,37.54012837270575,2.4097386091066832,2.671948531085717,3.227903518766931,1,0.9142946050410021,none,hard,0.0,0.0,0.0
84.47889105726433,93.80785920648799,167.25370909229466,157.70403318960726,45.28706473878185,40.77946133795626,3.021092490267341,4.779006687542708,0.5600503864258455,1,0.8872671663213112,none,hard,0.0,0.0,0.0
89.15964605397235,91.42587662324827,167.6404012935493,171.08603238946532,42.640612379410655,42.219094270990055,4.958313750293707,1.969250558638148,-1.1579816862078007,1,0.858898789367886,none,hard,0.0,0.0,0.0
89.2835837064146,86.99697659375208,168.45911023362606,166.31285266761608,47.31362156820559,39.79574923360052,-2.7060525429505033,-2.34062075035761,-1.3965490479473175,1,0.8776536767979745,none,hard,0.0,0.0,0.0
82.57659858652079,89.25780670825203,160.3201668620377,145.9908348645855,22.281377342756436,55.19489503745128,1.134151959357899,-0.8175696370938113,4.3272848335401335,0,0.564370873797537,shoulders_uneven,hard,6.450744858463381,8.99599826583848,4.5143901677672
95.89720060360644,87.65412173947648,161.43432735454562,176.76936187082705,44.42730077373691,51.18908155986731,-2.2659292806929376,-4.436245033490729,3.6472237625505315,1,0.882963900467533,none,hard,0.0,0.0,0.0
97.58116661466948,91.56229240548974,168.4348814589178,162.00438263731257,38.15704942229071,47.67745904987602,1.1812824045789583,-1.4183728196715952,-3.86442407800371,1,0.9343401368811713,none,hard,0.0,0.0,0.0
97.75575987761262,90.57837317146429,175.89648592031912,170.33759240705055,55.303739624409936,53.77670421221602,-0.9651713378760292,-3.6598477154935924,-4.71217323686661,1,0.975330720531669,none,hard,0.0,0.0,0.0
97.4452258694224,94.38912584240057,167.83174836614077,168.288456806878,36.34563448117216,52.221693959909054,4.0415869449374835,-1.5174453297669963,0.1398948915981082,1,0.8874949844047458,none,hard,0.0,0.0,0.0
98.14307772785646,83.09949270892554,161.48308780322424,169.7222615055169,46.92032724469654,44.836526259529535,-1.712483897124918,1.3340085431672577,-2.598543812218069,1,0.8985236187985739,none,hard,0.0,0.0,0.0
73.48122142729332,97.31509912384941,181.21052047417703,165.63961537953435,75.82638912932208,40.20959988699513,-1.5238078551731649,-4.681953185148348,0.4871530920740863,0,0.4407741582163841,arms_too_high,hard,-5.523018681873588,6.435812736888984,-3.0983474435522655
93.93016977856041,88.56429951288307,168.12669335821928,165.9066150734071,41.87380908223221,43.63195128248016,1.8778471709608304,0.11657013547261208,-3.4302231728380628,1,0.8962290788112587,none,hard,0.0,0.0,0.0
90.90753488813655,86.12384103166156,170.11875740998875,171.5781798834062,44.82401530768758,45.28279474794584,0.3126575397353406,2.2051606139146482,-4.3765863748875855,1,0.9519910817875171,none,hard,0.0,0.0,0.0
96.00328455610557,78.23232159280046,177.07740486899593,179.76597585005456,27.45347349262365,20.11362617418515,-4.107956712879438,0.35335564015523513,-2.667835884501988,0,0.49496208243752765,knees_too_low,hard,-6.354322430480838,1.2793018403767284,6.814199717558623
79.1165930536391,88.04482999384754,168.50947365323518,180.86421147686653,52.81406783104055,47.77820119816767,0.8653543466075906,0.6445854252264125,-1.2122737404871065,1,0.9115484531900875,none,hard,0.0,0.0,0.0
91.12998637047015,94.19873718948857,169.94386278310182,161.81002982143306,47.482890794823994,44.028743058829825,-2.7466720228747175,-1.3464318032594234,-0.12190199191262074,1,0.801506872626815,none,hard,0.0,0.0,0.0
90.86983164584785,94.53935973621213,169.95604721848323,172.2570559932375,49.07925810244545,47.83377963459413,0.3503673204491058,-0.23380515873587981,3.385825587026247,1,0.9436914541673107,none,hard,0.0,0.0,0.0
54.608730104237274,32.77823808014554,117.70470497171405,93.98932904031649,56.79791044638999,62.077619435826634,-1.633957218060794,-3.6558532306102576,-4.366250295272323,0,0.26174508610968095,core_unengaged,easy,-0.3771979629036508,0.6517886510317172,-8.963529263551461
50.0314640460722,42.115540652384254,94.1784605603257,84.35146572671191,62.64902088957641,67.2078431032895,-0.8815908585273142,-1.5113173345700472,4.295291442478259,1,0.8943152377100317,none,easy,0.0,0.0,0.0
45.84864642195187,45.44696959572825,92.44022039689375,97.900670475376,59.400745403172,60.5686473010649,-2.9837267995225547,-3.363440571342955,-3.3573420206900706,1,0.9590534623719781,none,easy,0.0,0.0,0.0
46.448874284482066,55.37700399322719,94.35562351715846,88.3698823391608,66.00606961081972,57.95962313489224,-1.2305557057509242,-0.37320214330393586,-1.9862212583585794,1,0.8878269817140437,none,easy,0.0,0.0,0.0
37.09874031628237,45.08026709321965,88.80410666984916,94.11552487872504,64.46205409907606,60.47810222944696,-3.831019592916359,4.398321236134752,1.2770805307141782,1,0.9248475991827985,none,easy,0.0,0.0,0.0
46.69248203747207,42.923560430495996,93.16390933053142,101.35346428902199,60.90933127529247,61.24110293150168,-1.8827793220445175,-2.5151086018553426,2.4394629257267697,1,0.8303349759465503,none,easy,0.0,0.0,0.0
67.64656968689435,51.030517200703834,84.78709899340568,102.43708026877903,79.30462445774391,53.3304366263154,0.9844270120522705,0.6550834732297384,2.1617907473295217,0,0.3945429927982431,shoulders_uneven,easy,-1.820896458290136,5.437639611964901,-9.75593855363911
39.11107229253823,41.59869206403046,81.60270358999105,86.97468462004048,63.80959493217833,61.0632788119151,-3.992053969841135,-2.439844681463378,2.2609558606240077,1,0.8278232388286124,none,easy,0.0,0.0,0.0
51.024853236503745,48.362125094475466,86.8506417718961,89.08265423201769,58.35363146472091,57.648592766352785,-3.136791205058793,3.3749078900249216,-1.6785358734506106,1,0.833104102073458,none,easy,0.0,0.0,0.0
47.68882979203478,38.2064424271897,96.98582213774405,86.54800357849125,63.081079084840304,56.84793687985183,-3.8573269994431225,-0.8549541579637232,3.63518140612957,1,0.9207443063460278,none,easy,0.0,0.0,0.0
37.221250120641855,31.0768217760895,90.80676612939452,93.87736286244457,62.3584405259892,52.35117848413596,-4.66120839753405,-1.885268288672426,2.8049570754608766,1,0.8331026634855948,none,easy,0.0,0.0,0.0
34.91298225944227,35.173353492136016,96.68098236617611,90.21317833224296,94.14977439598256,35.560460841686215,-4.329235226115725,2.4996047039917784,-2.9009440690441424,0,0.23413986723145755,core_unengaged,easy,9.937485036918947,0.04390020662485128,1.9077003464008762
42.13168996559882,42.26570529379804,89.83623364892001,87.28287614433117,56.43577108661418,60.53215113845948,-0.46711165251972364,0.2439026932758006,-0.5923725306177188,1,0.9551055233390021,none,easy,0.0,0.0,0.0
39.11235817362532,46.01850899069425,91.44921132084234,88.72589365813818,59.25061016618769,62.6388238046583,1.4399954323901571,-0.9126582890190358,-4.746136443396551,1,0.8541489346287108,none,easy,0.0,0.0,0.0
59.035175897211914,64.07332642491238,100.82508096064853,73.06422343174157,52.132196005803394,67.34061841841877,1.0319740217697957,3.0685014896258593,4.626493185548746,0,0.42268863391334643,knees_too_low,easy,4.416261926210133,6.106299347158103,9.774575639108857
43.62095217199004,39.71234374283329,86.98281872548618,88.71438864376391,66.81576551053352,63.84959779264832,-3.7722311033729152,3.7644407587529383,1.429255636142532,1,0.9696256190933767,none,easy,0.0,0.0,0.0
46.13630704567284,48.73990217030958,95.02551081149828,87.46281357046009,58.35334500840099,59.51586981303295,-1.5480785511872441,2.738345232013403,-1.3724210533405454,1,0.9661309013130499,none,easy,0.0,0.0,0.0
43.22483836176638,46.28736617291329,91.4223629458477,90.19275757675446,53.328559922220215,59.3927668025783,0.12457655881921603,2.4168694422866555,1.9884585316090444,1,0.8969556734300692,none,easy,0.0,0.0,0.0
48.086949048601625,38.99915001799195,84.7775262680006,88.88802640056079,61.48653489424911,63.11399915731961,3.225838759116739,0.2966167865508105,3.150544284024571,1,0.9366367712890963,none,easy,0.0,0.0,0.0
44.256517879438896,41.6037904164328,99.05475133165972,89.89575619667431,55.50600045878768,55.45183051255014,-2.4926933943840224,1.3309806335744758,-0.05726149861728569,1,0.9464369156918124,none,easy,0.0,0.0,0.0
43.38367355351972,50.71532951444959,87.90647579596775,97.27463904162833,61.85796915243263,59.408010497268855,-4.096630394223921,2.709859255354785,-4.317502946459085,1,0.8368741841357927,none,easy,0.0,0.0,0.0
49.122076941287304,44.37693109328265,93.74017362980862,97.50485815282144,59.36152074694614,62.775726443555605,-3.649987225787931,-0.16245058067587248,-2.300887776078051,1,0.9908173873079267,none,easy,0.0,0.0,0.0
46.41779035305456,43.596919919175924,91.8729255472549,84.75585832959162,49.40321315980679,58.245673465132306,-0.8720644939324771,2.049255496889531,0.9828605826815462,1,0.8703080322268438,none,easy,0.0,0.0,0.0
49.92861358411782,42.02767725930889,91.0875395284678,99.72935642413842,63.45810340475434,66.43074227553221,2.2410332927313856,1.3723157978948688,4.805768001799882,1,0.95180716910777,none,easy,0.0,0.0,0.0
51.77422586186625,50.143213151515326,90.7246870739059,88.08758491270954,60.51738882656593,57.32796656988316,0.5580658143717967,-0.2678988191866658,-1.8714514349441247,1,0.999870699913167,none,easy,0.0,0.0,0.0
32.71103409667796,54.2356312374681,87.05996053136504,75.54288734854174,69.85325049336514,71.87473721884186,0.96269878482053,-2.6999116271229697,-3.794331142227212,0,0.5378197594140282,head_tilted,easy,-3.6179905351348873,6.578309483013548,-9.259847305690148
29.36272688659292,64.16890243857247,86.08459120129807,92.02477081229533,66.18855594966183,31.05473105528764,3.7666537786244945,-0.8249391597210787,-0.3805714942441245,0,0.4646620700322166,shoulders_uneven,easy,4.7571153381305,0.4033621975746371,-1.463658866902712
48.20451924704618,44.14043314464121,89.87861360054029,87.22388000435619,51.97295504407719,62.839267368856355,-4.083006648885698,-1.6362953617157796,0.2251919163452314,1,0.8796574767951272,none,easy,0.0,0.0,0.0
44.955679886718116,44.32663622958701,93.93087460094601,87.7383591718275,63.33603046765919,68.06984910363722,4.1033910205753426,-4.548993227796768,-3.9053240132088485,1,0.8554531291393548,none,easy,0.0,0.0,0.0
41.75724071970315,49.00928666020083,91.37002892542786,90.2515326137766,61.2174786940395,64.64048888308096,4.891849098133589,2.4335282289362414,-4.35013590517106,1,0.9807447934350542,none,easy,0.0,0.0,0.0
42.618111495153165,47.98653020732654,89.35894236952444,87.49430016360715,62.34281746685761,62.54094888746065,-2.836759769634465,0.1826036667639217,0.9727407243034101,1,0.9259555845992307,none,easy,0.0,0.0,0.0
45.543344155336754,36.4561618041021,90.84826444735425,89.9849369840808,59.56445578318805,64.72704949988567,2.4787160409222855,-4.651348397661751,3.9492144122783994,1,0.9245874765870238,none,easy,0.0,0.0,0.0
33.77166400503082,40.60814406453608,89.09504630530138,81.1906812898013,59.65488742501886,59.06210667864874,2.352126545234528,-2.186090394224732,-2.473509060391149,1,0.986317897663798,none,easy,0.0,0.0,0.0
41.46814916692959,46.53193381306551,98.26601618213861,90.58316411884421,60.649075421164355,75.45710130653745,-2.3297172983057868,3.78629986355158,2.974260216069281,0,0.5298723863700596,back_not_straight,easy,-3.043815841956139,3.560323051181271,1.3146392799158217
49.10241090598682,47.53637015553649,95.33337344794577,95.84647795222837,66.91079495518764,63.24354943794821,3.8087075919892843,3.71843527745232,-4.7075271696544085,1,0.8317210210586148,none,easy,0.0,0.0,0.0
43.14838315701352,40.832205063603666,86.55229839459817,92.47477758780762,62.091262773930005,62.002060146192186,-4.936141282831664,-2.129618668250872,1.1692691837574216,1,0.9014935467521673,none,easy,0.0,0.0,0.0
38.200719295100406,48.731267830136105,93.22742090570537,100.8162736165273,58.461108825234994,61.0957516383197,0.412665786761103,4.629920038589946,-1.5812783396131391,1,0.9522055805004056,none,easy,0.0,0.0,0.0
45.87772914945254,47.042561741887134,89.06813802818453,87.97667088346476,58.18521360515646,60.87319634683914,-1.5411694304704326,1.2091551776747709,-4.542579661874871,1,0.9164340920352547,none,easy,0.0,0.0,0.0
42.20539076364206,46.8860593753226,97.8276201461717,89.67124869463507,57.22400236653401,69.40578534720295,4.9712450015771115,-0.7381869776402707,-0.486129756703245,1,0.8547253332563332,none,easy,0.0,0.0,0.0
54.72954502081441,59.80963348884938,106.82779784140273,109.6581573703832,56.66380832316651,42.795620568998416,-0.577012376190897,-1.8804800950486955,-1.7925725956187257,0,0.5638098043791273,shoulders_uneven,easy,7.147201841849974,9.290409445404173,5.201881568761944
41.09849173071547,48.20094911853562,92.01384145996546,93.4493162489815,54.18389729954798,72.82028974650173,-3.4075426172073553,-2.962987507237258,-4.088355095938083,1,0.9086465611579917,none,easy,0.0,0.0,0.0
69.39779207549523,7.780575201521977,97.70752789598319,86.1478453737145,84.5716912432146,82.5155826000669,0.819714019143988,-2.3100659556490233,2.9755910063718813,0,0.3721223579597851,head_tilted,easy,-5.989505465993266,-0.16810906517126156,-8.715821258497318
43.61550580101811,44.873054768077566,89.1348256065154,86.55920154949864,72.3613973113633,57.52066910996358,1.9498188612654257,3.601223971892045,2.7985098889334985,1,0.8583325157418606,none,easy,0.0,0.0,0.0
30.495357853061805,44.2843296578703,89.94596191364147,72.62452966211185,82.55097452650726,73.16043435863507,3.8253348581959994,-4.174914655595787,3.245140468968339,0,0.5103218943171823,arms_too_high,easy,8.824750084647729,-8.55167455707317,0.6848441195289023
48.16058050634189,40.10616676069373,91.75945533953218,90.66390349132078,68.5084810426673,66.91572500436138,-2.011641136626862,4.352018152994596,4.473504626310387,1,0.9225888349731212,none,easy,0.0,0.0,0.0
47.59033471922546,51.53993318570053,100.57877860958328,88.97372685192957,70.7794245441223,65.86119623379197,-0.19096168551015147,-4.592458939075272,-3.360005190105028,1,0.9567665106837724,none,easy,0.0,0.0,0.0
48.25140787479852,52.83676500979705,88.50848252724276,100.81828249612369,52.21208607069133,65.27181774193602,2.4427906559495565,3.7183277897312124,-0.6634466604361116,1,0.8940365185393331,none,easy,0.0,0.0,0.0
25.33168484737327,62.976674292475295,82.65450788207535,136.41073523431427,57.36598048933451,48.60571738427535,3.6827250540838055,2.2716906976630806,2.4270652119998104,0,0.22887936359167035,shoulders_uneven,easy,-9.386949955883878,-4.846342229775726,-0.7475408652136739
38.8711716849883,37.6781255989509,91.12225909279987,95.23549151306077,68.41963845728934,57.7055786856553,3.7342323808166054,4.007018640112586,-0.7827907312654458,1,0.8973337882849406,none,easy,0.0,0.0,0.0
57.007473626489585,47.68911906640026,97.99289839220188,71.19287649310115,80.65205239318394,71.65524143635933,-1.2715136281106556,0.12615205205805147,-0.8696882535230301,0,0.5104000828141717,back_not_straight,easy,-1.8937963382851315,2.03710767324017,2.650810664526123
86.59198525742784,37.90741786770143,114.1510120304007,65.31335205727022,107.1753808417854,63.270896326312055,-4.909695958704497,0.884126333406055,0.9871398010010761,0,0.46084929821217513,core_unengaged,medium,-3.757038866071058,-2.0190810772577787,7.159725078454116
96.16523380558785,36.199253638710395,89.24790072769083,94.97774292681139,77.04348392453984,40.23907389298278,-3.542434317552483,-0.505661647862623,0.8788437111038689,1,0.9338780802918722,none,medium,0.0,0.0,0.0
96.2899012922151,33.47672302096288,97.02271687005438,81.9722829667946,82.51907847794777,39.23060377644214,2.053855941122036,-0.5363135348741448,3.6421617767416894,1,0.9563580659690059,none,medium,0.0,0.0,0.0
97.41775529139092,40.22121927111887,83.81329177276477,93.14624485946793,80.95468875386658,45.52718383793108,-1.02621011535599,-0.2010291840792675,1.859677359829841,1,0.9376415731733191,none,medium,0.0,0.0,0.0
76.83303259590299,47.55143623902816,58.17666087916774,94.39490291177934,64.01654412702462,51.3770866187101,4.699120461072704,-4.060992842105816,1.7260211822512623,0,0.32317197663647634,core_unengaged,medium,4.093615254732935,-5.962930957541033,3.4686486664983462
99.04658799618326,41.087164365898616,94.35033865344377,92.47840943986303,80.75209452571788,51.824805012331126,1.1784724020121384,3.6890498447871813,0.7060974663882966,1,0.8994349528016855,none,medium,0.0,0.0,0.0
102.96348985258572,46.73842652379618,73.85009237733502,100.02611941413548,63.65610352558021,74.46688778422808,-1.8188844638188053,3.664386675276454,4.9333693735862845,0,0.4308740946846993,shoulders_uneven,medium,-3.02852665516059,-6.814251095143897,2.099078453810817
98.69016781840723,37.46160108767169,91.51199422119112,86.07323428743973,84.50737314973892,49.30568706402664,-1.8280428323460143,3.68900625540571,-1.2432774811827354,1,0.9755782318082655,none,medium,0.0,0.0,0.0
79.89207094926225,57.46651968989361,110.07172824671522,113.79560820238524,49.706666765342476,66.07101365560582,-4.268040762315564,1.0344859338137793,1.6821279855501627,0,0.37947744904901226,shoulders_uneven,medium,-5.24911738251345,-2.5349641674131984,-5.454607454736971
88.7545213597203,36.58503834824439,90.29571061136211,95.63058513007691,77.72877862423368,49.90032302377095,-1.1980438121414294,-1.0117721910309951,0.8017236922733231,1,0.8682495655252314,none,medium,0.0,0.0,0.0
106.9213640925526,42.8195456002618,92.97377170832642,94.26707779390154,83.79464294893383,51.40595711984688,4.2703454479630665,-4.397326097104392,4.3443602680551425,1,0.8486964593152599,none,medium,0.0,0.0,0.0
99.83156736545642,35.24825908449132,85.64713691869122,85.07863812353749,84.85450365967155,46.91276693770451,-1.8869230084399637,1.1033378331091832,2.1615067422319356,1,0.907832255335051,none,medium,0.0,0.0,0.0
85.26268909692536,36.63050275004463,98.25078148536828,75.47483317704547,81.5806325921894,29.989617576226934,3.059925497751582,0.5022654215626172,-4.565874671451809,0,0.4269248878515614,knees_too_low,medium,-4.868744325972725,9.258537504751597,-0.3290870656015059
100.61148751516141,42.716490145181936,90.24430035162852,90.20295845601942,76.49004156096622,46.68549541224526,-0.8897153019329531,3.398613028667203,4.000231233980111,1,0.9221961977701983,none,medium,0.0,0.0,0.0
103.7358261212979,36.49584160566957,94.01450809072843,87.19775924255238,89.09786523349328,45.85903009367118,1.2385932467657303,-0.4823232126277084,0.8660846317547408,1,0.8191070627669337,none,medium,0.0,0.0,0.0
109.50665321398148,46.20698646177247,87.22068511683437,88.05268950399861,80.65717207968665,47.79496997557267,-4.415453858914461,-3.5822560647289814,-2.254597459998746,0,0.28247446580737057,head_tilted,medium,2.7592158663194013,-4.862323047085704,2.6403097204083696
96.91093660371692,49.48247191564781,98.54273184883444,87.93737673741427,81.9498029301495,56.02034009442442,4.055247923296738,2.7262272744938256,-2.3510455276326656,1,0.8674454265510841,none,medium,0.0,0.0,0.0
91.84249589307917,47.90477147451601,82.81416619628854,83.88881101462218,74.88782310227117,60.39972961845261,1.6960261613396188,-4.300683942905659,1.4016822382816603,1,0.9663726226502845,none,medium,0.0,0.0,0.0
125.34455496542046,53.05864323721362,86.3023696116879,66.9294643835184,57.506188156956,30.055350466410385,4.576252845053801,-3.2469705764234034,1.9000489082066574,0,0.49226020409569843,back_not_straight,medium,-0.6958877543256374,-8.797153147984297,1.245936317558197
86.27561398325955,41.21915264150542,113.75197538076141,85.39829410692944,99.71014211965849,31.7818476541039,-4.799736440741755,2.371802250072431,2.685998047885084,0,0.38995461740248744,head_tilted,medium,-2.3494743951198345,-7.6034199596470735,9.483292572560313
90.27006119426696,44.10064521916401,102.19944864874616,79.70521386526326,84.47078315160763,65.02891323432792,-2.368874300891571,-1.3986359252848093,-4.123572532361615,0,0.5128112350681544,head_tilted,medium,4.174893954859529,-9.276792389504758,-3.937432881093428
90.81897313448351,42.53995663456272,84.48316696913064,79.23554703523759,81.94289302265481,62.46499758716395,-0.030365170941697883,4.921580148233126,3.5142495774509577,1,0.9838783946428835,none,medium,0.0,0.0,0.0
93.42119190614056,57.494541208551844,98.52661509384231,98.99391169922241,72.39315409915115,46.454678943665066,0.7304142893084933,4.327307404762548,0.7516335049662493,0,0.20915752999044812,shoulders_uneven,medium,-6.924177006639378,-5.527711310073775,9.146457757891746
104.56187306981435,32.01144040113296,87.41871992031436,94.65888048704353,76.00230539383658,51.75773979412944,0.06107554846750851,-2.674486416346199,-4.20034605640698,1,0.8956468046096144,none,medium,0.0,0.0,0.0
101.2093335075677,35.1523805524001,93.62883411581517,87.70521557087713,71.71783567414425,56.28218171172595,0.6444109067888251,-3.082175444081394,-2.8824464933452165,1,0.8772921682318294,none,medium,0.0,0.0,0.0
103.22958912896905,46.871547565895476,87.00753191641832,81.29509071315813,76.45436807549044,54.27230313397347,1.9161805556931935,1.18051674287186,1.3318962601346405,1,0.8355532775702497,none,medium,0.0,0.0,0.0
89.00869555465006,29.474921349638866,97.35954332134072,74.58145851429458,87.05903901162567,60.951700347646025,-0.8587024747107295,3.2753789556687423,2.3361438056140207,0,0.5546416860961867,shoulders_uneven,medium,-1.0043070235735492,-6.107549763584698,-2.6448129824542077
99.8505476304885,39.12843147482626,88.04217596835097,89.92403435615006,84.31550113085315,46.017799094702106,0.353101314525917,-2.847981279827625,-4.878792253561067,1,0.8274219411457998,none,medium,0.0,0.0,0.0
99.77035226240507,48.689372494016325,91.79370552621229,75.40396588677666,97.94857252496737,47.62205640459545,-0.23981870631233448,-1.2411171485423065,-1.055237214299647,0,0.39529645480871123,shoulders_uneven,medium,-6.999026706120315,-3.506481462198801,4.747141547755993
101.42444946286099,41.03546931116476,95.71163227269176,84.39588817239806,72.00431756776493,47.966384584767084,-4.61573651037675,4.017619921354235,-0.38522535375265843,1,0.9681743158851845,none,medium,0.0,0.0,0.0
103.71047686004654,41.49646290203246,96.50870644699398,97.80755598363426,80.16002074532884,46.23291064826908,2.3743376872148563,0.12221920812674458,1.8022777920835331,1,0.8300338001634083,none,medium,0.0,0.0,0.0
103.55442123568064,33.1776952616732,77.96260900182529,109.48216987270578,65.28623835559553,30.0812289246909,1.6030271970133816,2.6437266222173594,-2.3495357167499598,0,0.4645482444281657,back_not_straight,medium,-6.296088642650641,-6.517813293318313,-8.032087005732054
114.94071528708724,28.64807367145809,68.67283999887235,112.5200047793323,75.15980241736797,46.23750475317429,3.9581459737188194,-1.7778449655537165,-3.7476642956717288,0,0.3042853199679666,core_unengaged,medium,-8.614913874282802,9.19653036151858,-0.4348941084815259
99.81611847152276,34.923932984273925,90.20493394887971,94.14736964615733,74.63185496998943,51.82136702902219,-3.8919203782019296,0.9853157568436561,-4.049883010076954,1,0.8087471251759939,none,medium,0.0,0.0,0.0
89.17177385797939,44.87131111064404,87.44274722224884,86.19799962833346,81.05285016979232,52.562497761107586,-4.872851100131065,4.924154004894701,1.7145493489464325,1,0.8992095677359774,none,medium,0.0,0.0,0.0
98.25010936422791,42.74737396249367,100.644732778728,93.44339011842713,81.86247854895,57.99561167574688,-4.4614179300197385,-1.7994016747901656,2.5318733591340283,1,0.8361189196350602,none,medium,0.0,0.0,0.0
125.94836731779753,44.50288243900292,94.83736073509226,79.76504055213759,62.0585415226343,49.40391642790738,-2.0245154868117945,0.6502199285901611,1.8888530205009069,0,0.49312061790650025,head_tilted,medium,0.8447441098369666,1.8069538091754573,0.1672109383255993
106.44876377041373,43.365906756349794,89.30772008008113,83.87850881855317,78.95488371356987,45.7473977289535,-2.9596436537110113,0.5508494930228629,2.330712960296748,1,0.9600141937398319,none,medium,0.0,0.0,0.0
97.42679225390927,34.448883067452,91.38991532371354,97.27405322495872,72.75071717259547,44.46845909385829,-1.9439578450978514,3.766507618282006,4.963343376272473,1,0.829777610066489,none,medium,0.0,0.0,0.0
108.63481925616702,38.00181907192699,91.12342362875943,94.66295415936546,72.90817133533484,41.19595594009612,-4.967817363957213,1.1958933745984073,-1.445069895586426,1,0.9391236292993614,none,medium,0.0,0.0,0.0
100.9055825510553,35.82118932489546,101.07125761731137,88.51991386335051,80.63224511411731,46.56031306268086,0.6066009441617091,1.034876665964548,1.7646793722636218,1,0.9122969175919048,none,medium,0.0,0.0,0.0
103.89180538083319,37.244071418357336,85.90900558288847,89.98312771294523,79.14907688737536,47.733859753363625,2.0768093474091573,2.886149646724064,0.17269056441609365,1,0.9569793954222935,none,medium,0.0,0.0,0.0
97.84102105679897,35.56978772834163,85.78369697853128,89.32378552183984,82.40029790043342,43.1726898890391,4.983475113929497,4.331133313435577,1.425651995351915,1,0.947132622847838,none,medium,0.0,0.0,0.0
106.10516847762676,42.910488517343076,88.86757950575084,85.2028038163826,78.13896611964473,55.443743098520926,0.877693608621982,-3.155237468663606,-1.3776455834771162,1,0.9143744542454373,none,medium,0.0,0.0,0.0
97.3611156787703,43.85719495957912,80.52017579346355,90.85149181081196,85.16481973576403,49.025273957855205,-3.1389858215372266,3.0264330979571046,-0.41813113262107393,1,0.9683867133583617,none,medium,0.0,0.0,0.0
99.86242547474681,48.86125798334872,98.30629607273934,87.71451871706864,76.9889396981911,52.34387128037512,-3.6464591772231447,2.5137508602904566,1.5695515626713954,1,0.9220450298955283,none,medium,0.0,0.0,0.0
95.11812364358315,35.53772080321548,91.77511227210758,88.89443452355749,75.79859284671436,45.38584905136584,-0.5026015754945998,2.767105569551812,-4.346338424356148,1,0.9518796524835927,none,medium,0.0,0.0,0.0
87.8787986986353,44.42022698180525,93.68421948546217,88.59336221440893,80.33495358612436,52.5796960885205,-4.477421207139763,-0.8120668092583863,-2.3984220903794884,1,0.9873644924066184,none,medium,0.0,0.0,0.0
94.4480024135199,42.835277586940514,83.33421344673172,102.07395499329316,80.39996690279571,51.73953058162443,-3.8590421511206663,-3.4875317126506546,-2.7468307004876493,1,0.8699012744173638,none,medium,0.0,0.0,0.0
103.00853795846415,57.22956024143073,74.76267271532404,90.92519774771958,86.4322475049586,60.39658410894716,3.469187280885599,-0.7136945302952427,-3.5904037247823073,0,0.5166799953813406,knees_too_low,medium,0.9767731344011743,2.2580032172389846,-5.4770589682011845
88.9957426085469,89.29152161976188,129.38410892594976,135.5963147238763,65.78690039304885,75.01525654830591,-3.8806407297846968,-1.4402662620514728,4.780618179735285,1,0.9573940269835333,none,easy,0.0,0.0,0.0
79.33433482464744,89.81733325040695,130.64225868798877,135.3293049938082,73.97719126334644,74.04476449519498,-3.737462172073865,1.5962936639474226,-3.383801887141286,1,0.8035891357136984,none,easy,0.0,0.0,0.0
91.29109297490513,99.58174619172314,135.5084844913332,153.82066234104371,56.683629921831475,71.72303565308323,1.5678010472429404,3.2210316060022546,-1.1957999249243767,0,0.563688082344624,back_not_straight,easy,0.7740359590542845,-0.04374983931419507,-7.890526000867388
80.84615775802567,91.00325901977844,131.81285407513244,136.8421097723634,75.94072867353492,72.6837181150623,4.150900684070432,0.3302886724613998,-3.42045177164652,1,0.879194094532491,none,easy,0.0,0.0,0.0
86.7822508384127,95.1498040879058,128.3261233394673,127.98175768379002,65.22438710325324,72.11799532796731,1.15298025069802,-4.165359150106167,3.824163684073387,1,0.8880646836736699,none,easy,0.0,0.0,0.0
92.60647645297878,90.02905279271225,131.32528022420155,129.77486588585566,75.74366741464719,77.16171015608751,3.819277583046439,-0.7251031207938485,-3.3776659421752067,1,0.8331909790591571,none,easy,0.0,0.0,0.0
107.81079077347127,128.8434546302792,138.69449759820364,134.8869447487325,72.91576452366004,64.70250560783967,2.5958241011463183,4.8806556665277405,4.012960107746489,0,0.3347362007444413,shoulders_uneven,easy,-4.070204374333695,8.364159992455505,-7.785031093620837
84.45177247739622,85.80087376273916,130.6709258708886,130.56393931314545,61.880213956194794,70.80781506719994,-4.128205321681689,2.190774473538556,-0.7988127215227507,1,0.8225886416822348,none,easy,0.0,0.0,0.0
86.07982062503012,93.04319414936997,124.28934675284327,140.07439280562107,77.91248181790101,72.56747738460507,3.4373732640672436,-2.4602512542797528,-4.688844000826423,1,0.9612391762007582,none,easy,0.0,0.0,0.0
88.41213400588131,86.6226927757211,132.34779584676463,124.96719504456048,68.87872420621215,67.0291162563502,-2.8447013120866815,-1.3962218006965244,-4.314945933730204,1,0.9732773028502684,none,easy,0.0,0.0,0.0
97.28977616782845,87.42167983078895,129.0063048199169,131.50077792497862,71.41103821444968,73.73280047840535,-4.998116004434181,-3.309189296440075,-1.1024061257350795,1,0.9748453448276704,none,easy,0.0,0.0,0.0
87.13851473607967,83.39496752067414,128.8086076965021,124.93131004292069,69.5113847346454,77.05854687965729,-0.785559584207526,-4.728249839091559,4.662434107067982,1,0.803600017789043,none,easy,0.0,0.0,0.0
98.1130383372202,103.2712658214497,145.04819799608535,160.8527833109653,78.54039169258657,103.51718352023964,-4.034655298045592,-2.58106171741161,-4.8759596372268525,0,0.5491015358264512,back_not_straight,easy,-7.74839219176126,4.073719549215916,0.8139695328982057
93.99970950971024,81.91844695781705,124.73158790426822,124.66098539210404,74.75153795986787,78.55306686290963,-3.1466982047128553,-4.210308378091714,-2.604898300904619,1,0.9784604996279305,none,easy,0.0,0.0,0.0
90.4156123282834,87.66448296604612,126.33106013107319,130.18031695734814,71.73765188079037,75.81754383977494,-4.061427151766438,4.0962681943659245,1.6920026293807844,1,0.8229865994119134,none,easy,0.0,0.0,0.0
90.94790808299372,95.00523046283571,116.48383853500381,133.38937659765455,66.72962158436287,60.846835515717714,1.0192343101513153,3.9252328995484618,-0.5661998562081223,1,0.9547759311460313,none,easy,0.0,0.0,0.0
96.10900276259406,98.7479065263625,124.92790561416,133.91435121790673,65.17251007085473,70.15080786267562,-0.12332931378735612,1.522242595454725,4.5053105258620345,1,0.8769022655289626,none,easy,0.0,0.0,0.0
90.21801223186228,98.47525520215376,126.88675319132774,130.9730372761862,66.28764707150975,63.399887443896475,-4.543512544976163,-3.599759024466823,-2.2318569220869424,1,0.8944986710013028,none,easy,0.0,0.0,0.0
88.8990268649602,79.66072636782003,132.26016672292886,123.79969853764707,65.5283368845579,66.65294902583724,-4.944942008395792,-4.923359673507747,-2.8093119089814222,1,0.9033145256891958,none,easy,0.0,0.0,0.0
85.36186384425204,78.71765391614124,134.7876176562877,150.10675669034717,41.872412955313834,71.72539118721126,0.3159946460443086,3.7986267736116,0.7477955426441518,0,0.3111288291126938,core_unengaged,easy,6.333643509014362,-4.308753964742049,6.3641333749649505
85.5969173676365,91.69701356519957,141.37159297776208,128.69176602376524,64.45646720719328,53.14725692633756,-1.9062728213721791,3.2379038422129476,4.550605114849889,0,0.3644084301062183,back_not_straight,easy,8.1522200511311,4.280652889337128,2.158104281814076
90.72433832328778,86.9261356742154,126.45855768699168,131.7140758120131,65.83853058440914,58.9542419045565,-3.7897499951480693,-0.8105220981252454,2.511780478084181,1,0.8738106043521834,none,easy,0.0,0.0,0.0
86.62716027287883,80.2499612876481,132.52982007950092,136.62910974354114,53.64401383835731,91.16398569619405,-3.456784347169206,-3.281515186729055,1.3787709266363386,0,0.43947696092763894,back_not_straight,easy,0.04307219923973804,-7.22257347206966,-7.685247866425893
96.41049460479277,90.58434691170557,131.58471308506083,139.50467806497286,65.82022960209652,69.48561477954169,4.101346367821343,3.0802262990655294,-2.8394863498831278,1,0.8798737496789382,none,easy,0.0,0.0,0.0
95.2397103087607,88.32302138613103,126.30684593986965,129.15972467155817,75.5900782728807,70.65729200390611,-2.737208917857682,-1.1576037986261865,-0.49876638818067853,1,0.9180571085906319,none,easy,0.0,0.0,0.0
88.20488718072107,91.16064255929335,128.63786149377853,129.62544577672492,72.88419083937296,58.041391711436034,-3.3437165297173466,1.457405100956123,-4.552215494953318,1,0.9023362773163024,none,easy,0.0,0.0,0.0
89.22767240566012,92.15286336047025,118.25235846504067,131.6724960088906,72.1821256474654,76.6317109899361,3.4713948969378503,0.3108534488524288,3.4172336174467617,1,0.8202519829230318,none,easy,0.0,0.0,0.0
85.30911312286148,90.7093052760375,124.42626146337555,130.48837927780139,69.42856022199057,69.21351287399548,-0.8584977567177319,-1.0456573200708563,-1.8679373892982598,1,0.9851274660050672,none,easy,0.0,0.0,0.0
73.55815462892897,89.46006882034138,123.79436248488072,146.06342847009424,62.87839531774438,35.699230776767585,4.61135485407593,-1.1051810509757964,-1.1448809526307766,0,0.44117715059178464,core_unengaged,easy,6.53414719482975,9.680263264209287,-4.2318912436250855
84.03037496800472,90.71471547381853,138.66257499742545,141.15650073096316,73.19025550720379,72.50422237472229,-1.9766675064850627,-2.4066510268290555,-3.0537616329512804,1,0.8880882700624848,none,easy,0.0,0.0,0.0
71.07817749517336,77.0244116047651,130.9167341405108,137.40927807990582,84.42132528051314,42.629139296488916,4.938483888996982,3.80314762148927,1.2340595815944013,0,0.37761749968088115,shoulders_uneven,easy,2.524686428421276,-0.2220433641509718,-1.9644239869135145
83.85225202773792,92.48349611618261,127.67344771609973,129.4702582284793,83.22171673508518,62.48514835802423,4.640288471655138,4.09454610937242,2.2214323545590586,1,0.8455499472206419,none,easy,0.0,0.0,0.0
88.19118465581593,91.40060694484724,126.67257292654892,134.36584715346734,69.37691101904934,64.1370419557363,-0.16592564026853385,3.635475225145452,0.8873152213131981,1,0.996197475632537,none,easy,0.0,0.0,0.0
85.47133849568691,86.7311683067559,127.02169352978254,136.8721904658541,59.32162893010652,85.68874266829997,3.655771456245523,4.807393435834294,-0.9241579142618308,1,0.9154558058466262,none,easy,0.0,0.0,0.0
92.07349264365443,97.45959823172636,135.82903009604192,128.97772510157387,69.32372837303154,75.01783280091642,1.265925110932102,4.263826067300867,-4.80883905570236,1,0.9020864978008465,none,easy,0.0,0.0,0.0
95.62056359993007,94.73763231061429,126.13561166088195,132.0352614356227,65.14171632729357,63.101909176055344,-2.2124012758544698,-2.8929503613279683,4.574480190380962,1,0.960887441535901,none,easy,0.0,0.0,0.0
81.96579992361882,102.84925656938516,137.72564009914282,140.73487367136838,76.32069716647123,61.09239756630042,-3.955958702519186,-1.0089981192627695,2.2314948646462955,0,0.5287706543759718,shoulders_uneven,easy,6.183663422780622,7.688485510039541,4.000685455442088
97.05483465792435,62.16243343574514,146.4513014019991,158.20652719603981,59.261247238622005,75.04240069414061,-0.9712671736736294,-2.0470950595205673,-2.6761567694395216,0,0.5178062177962994,arms_too_high,easy,4.141729545333963,-8.995479770720525,-8.54196329264193
102.44212262897622,87.09260791840795,126.03227738034084,99.9420645338987,79.53127045313839,51.41112407719791,-3.121571474622259,2.197914533546861,3.669334683518837,0,0.2134676712855491,shoulders_uneven,easy,-5.707438534823943,-1.6775714385781537,5.19222857399593
91.09615833877487,96.44634931357818,132.12651202113932,141.0936983860042,62.175433153903654,68.91403324969518,-2.1002988105639098,0.6328893095381467,-3.8004630697611006,1,0.8606388118922093,none,easy,0.0,0.0,0.0
86.52265384339194,97.78549270312104,132.7810878949875,134.06119890469608,66.71544699751263,62.30815000515948,-3.1096047527246826,2.8301663731673283,2.150387188506838,1,0.8205496504904847,none,easy,0.0,0.0,0.0
90.94855864362762,94.50805457284204,119.63289555531809,127.85474036576075,70.92450408464488,64.73517460799846,0.718091636071537,4.071998215606223,4.429838168160424,1,0.9733095963498174,none,easy,0.0,0.0,0.0
93.01643016836898,89.15182940452422,126.2539652114287,131.70864457370217,70.39174334481297,67.22564143614622,3.4424870240581846,1.7584774646433647,-3.6088415110891248,1,0.9860341930876849,none,easy,0.0,0.0,0.0
87.47240053597697,92.99231913416119,120.12589835198023,124.09364025290182,75.96552655760944,72.36626171544573,-1.3994953409902164,4.567998154842861,0.00401145710201245,0,0.2421459689003426,knees_too_low,easy,5.636477266898712,2.8829844295183182,-9.036279752134075
82.79258969195111,88.95273717175462,122.97717871465179,122.91751182460266,76.17560910974264,68.39954009527804,-2.8800594530134194,1.5735348217012852,-0.2771819583701829,1,0.970069600223979,none,easy,0.0,0.0,0.0
93.35240308620607,84.64071383479923,122.23120616991967,134.08944829012515,71.88204763048758,65.48974222821245,-1.8437265623665002,1.4483260402231384,-1.0486909238849673,1,0.9477194916264662,none,easy,0.0,0.0,0.0
90.96146489070948,89.25888561204115,125.60758581725965,122.93732118289499,61.28075941683551,70.59509203026987,-4.853066113450462,-1.2090595132806383,-1.6265445323090733,1,0.9670960451484389,none,easy,0.0,0.0,0.0
86.57100126989972,75.08475938087231,91.56499511807034,127.13458356099747,106.18923132419374,81.76906431847036,-1.8813614208311682,2.7399137815276253,2.729214818761151,0,0.38563806378140153,shoulders_uneven,easy,9.269984817751766,0.3806456025909739,3.5508453491790632
88.8115243765518,90.96117382097616,134.90426724568738,126.28885239904183,59.192198333404036,71.27786826856185,-4.986463742845318,-2.0019947243476413,1.4645874163793051,1,0.8743478589812661,none,easy,0.0,0.0,0.0
90.86670832185204,91.2197659895425,128.88398872682598,137.44931719301042,61.995480107617425,65.85751487609878,-2.717646365063009,-2.5339636502197536,-0.15922930289798387,1,0.8131389717908732,none,easy,0.0,0.0,0.0
66.5247816992513,69.79415261543726,102.68545416530571,100.25813188355605,58.97136204586013,56.749916656647734,-3.0416691586572995,-3.591970511073239,1.2241364156599666,1,0.8450762536013532,none,medium,0.0,0.0,0.0
64.44271021531483,71.23252389216002,102.49110874248393,105.70074519260633,67.90270343284186,54.924529040860655,-1.548077915057895,4.174858431319903,-2.094954943285796,1,0.8519809958485666,none,medium,0.0,0.0,0.0
71.6503250040631,73.09963166197902,94.55459941926098,99.22089262835449,60.18930957504475,62.92286313974784,0.006035711547075273,1.796203327351078,-4.237607820264355,1,0.8483786588225779,none,medium,0.0,0.0,0.0
67.29412477356388,90.59272712014796,66.8220713300574,123.00150551944489,38.64064271324783,56.00021506148378,-1.0814170359092112,1.591137644695265,-3.9110668601896093,0,0.46973959160938755,back_not_straight,medium,-7.260018738926572,9.899627386501859,0.5446532150782524
57.04727013439971,69.75517405488888,100.15511468499903,103.11761051475379,58.91229625708028,52.55499822438014,-3.2390452866940533,-2.860429613117631,-4.869704322429163,1,0.9838774809145345,none,medium,0.0,0.0,0.0
78.0271215318298,81.39081908963736,120.41815172981678,85.07500160184463,67.88966337626425,58.174440683731994,-2.526596841809167,1.406151835488874,1.666004790466192,0,0.5029240828537755,arms_too_high,medium,-6.7665712752607625,-0.46199787064059983,4.36662350744008
92.26174042803947,75.3342002317849,95.30412954215268,99.98937108135031,41.243883990454236,69.0677298953305,-2.54192560693847,-0.9723560153774811,3.946427975776345,0,0.27115524961960935,head_tilted,medium,0.2936723424287795,6.165508791118754,-4.923578436866103
122.43816684400149,48.04891062359967,133.85127094651176,95.3886483310261,58.731555012842875,49.91582591718602,-1.4142153847512686,1.5663107370787612,-2.596010871064931,0,0.3428484637202011,arms_too_high,medium,5.750981717175584,-4.979972334753995,1.2814805766703543
47.10593504916682,70.48863366112843,103.20855802302222,97.15879493527676,36.89628551953385,89.75079352277567,-0.6989712347019994,4.037575717751421,3.458495504599677,0,0.37100073253124466,back_not_straight,medium,-3.4732313813602556,6.793193114175807,-7.123712993703726
73.30997783531653,72.69488987850549,100.56257855794057,104.9157610545993,56.71845304384867,56.03652858906961,0.9380248080961548,-4.671903758713915,1.360424687799683,1,0.8591389348083209,none,medium,0.0,0.0,0.0
73.38579856032894,68.17318504613634,95.48328256851501,99.55387273541668,64.49717520377861,63.72292013599839,3.247878562777867,0.15659405856453468,-0.36706346727203165,1,0.8705205211857716,none,medium,0.0,0.0,0.0
75.52725405005494,67.30734305887732,114.29536220717854,66.88654412064601,96.3360830818491,72.86661910492742,-1.9580128036371915,-1.9605748774497265,-2.695833378826501,0,0.40900407243423537,head_tilted,medium,-8.907311599980554,9.461563259446656,-5.477493375006562
80.19059924434755,52.76808947262016,109.99468751363818,106.93886939280927,34.11289906814105,49.83653021496517,-1.6303527428254352,4.995439187190943,-0.94248831384939,0,0.5272106996554772,core_unengaged,medium,-4.943727878215989,-4.571228447315995,-7.492870484152288
73.80791813521877,93.53401743516244,94.6975683069747,84.427462793696,82.46053456401188,52.43171344373673,-0.18132520725383383,-1.3828974514041938,4.492086268705123,0,0.30760785871932417,back_not_straight,medium,0.3519260263104407,-4.623065150943133,2.5686809483799777
70.86007849507926,64.70343689441128,103.56530590463302,104.80069253239873,53.97118935772231,59.094969306701934,-4.017650078109195,3.035181084349343,-3.7796950567815135,1,0.8360391508256296,none,medium,0.0,0.0,0.0
63.7333030385233,84.13357227246043,94.47662087138363,93.1040390293866,45.8690114765645,66.81020702575151,-0.0374124711763848,-1.1948229013010545,-3.36964663068409,0,0.48046794463610387,knees_too_low,medium,4.541135232307802,1.241455888051421,8.94181334217038
66.43752903595882,77.22210194076845,99.69855504304194,102.2739758482119,63.870657308096824,54.99281461747461,0.46430316077847333,4.670352752561461,-4.483312783420389,1,0.9634256284031171,none,medium,0.0,0.0,0.0
73.49414210101267,72.10486472194695,102.460094239964,97.3698257866621,49.23328540064378,65.48576355876848,3.652957589089125,-3.4272679182028467,-1.9021214079090076,1,0.8263430057158188,none,medium,0.0,0.0,0.0
75.64861022708686,82.1478676245554,90.25912459384382,111.58142183462934,76.67367985697952,89.02058997650084,-4.802043416527456,-1.0931788901406083,-3.085723195004575,0,0.4511973530416392,back_not_straight,medium,-5.04979853719176,-6.743699006462725,-6.261711187830768
69.43876266524171,73.51476895953434,101.32322002560645,104.74060719550323,56.357274888399964,53.60970760441099,-1.665374064039895,1.7754094550353408,-4.278889070705648,1,0.816783907164286,none,medium,0.0,0.0,0.0
72.47115681196577,69.39222474946313,110.51388573155654,112.82730048223034,63.95758506373338,54.594380301294,4.147311149565036,-4.885193402506221,-0.49883473525189004,0,0.44044107824973133,core_unengaged,medium,9.807235639967438,-3.4949218815089615,8.825448964837033
70.5654806891012,65.3033663106703,100.21937481880357,101.89333117125706,61.705636567198546,53.56240486970351,0.1970426289448426,-4.25957782087652,1.0548266921440463,1,0.8408881147899094,none,medium,0.0,0.0,0.0
73.71374980893462,76.82399404871167,109.35873909346962,102.44627958499723,61.428449001336,54.66639445586892,4.255222078518809,-4.316658951543958,-0.696252503092067,1,0.8344221205645556,none,medium,0.0,0.0,0.0
65.57022843352702,69.54412883240718,110.22908644044142,103.85519459976628,55.47542673971995,67.27530291240885,-0.4931352506108686,1.720560387522534,0.8355696732481857,1,0.9127319942057525,none,medium,0.0,0.0,0.0
80.77666374095308,65.11218937263656,92.77741331498864,107.15173299423964,60.71027905797,57.4955927934896,4.362671394132192,0.4199007488976587,4.396515112935083,1,0.8771227025731296,none,medium,0.0,0.0,0.0
81.36858094166519,91.88660735952968,87.52900799098819,110.46379900520768,59.62486940536438,91.58515599510946,-0.6597902729124119,-2.4128835784455904,-0.6559668099339024,0,0.3734331170530457,back_not_straight,medium,-8.147490338972656,4.967686993524627,8.29097327697118
70.0790377205592,69.56622124725529,107.84119879459826,106.45184061097335,64.03765499909404,55.13378843313733,-3.0072966353319917,3.77470046654482,2.387231507265664,1,0.8182782972663554,none,medium,0.0,0.0,0.0
58.24351501620406,59.64188421525611,86.25712126778136,87.52266687654333,58.99232564925967,49.26360016333872,-1.6696512819460163,3.849643081805878,-1.1671576035779863,0,0.28613775255302104,back_not_straight,medium,1.941915403734395,1.896064293555792,-2.555992163495615
74.5837245952961,66.53634267755658,101.6514543156657,87.55718869104258,64.88784016080773,56.23577615307138,-2.937825949158601,2.9971876396486117,-1.6639321097095685,1,0.8854991300713518,none,medium,0.0,0.0,0.0
74.99664855619876,68.81461504557211,105.27333289384381,102.18040977563625,76.30245540345712,59.73551997291998,2.839873586893554,-0.8061038833302838,0.0008011827158256324,1,0.8288775264267335,none,medium,0.0,0.0,0.0
63.54244449452097,72.13548658395834,91.67695132483117,108.13071399391555,57.63414964681981,59.847149182912524,-2.1896191861897174,2.1296000785880578,-4.885075267018847,1,0.8420058699032563,none,medium,0.0,0.0,0.0
77.43863517829134,70.42640658982869,104.04446460053005,102.73231882073831,66.79705709980699,58.804381527485205,4.245610553768049,-0.5669349048282468,0.5338018786574761,1,0.8015928809490903,none,medium,0.0,0.0,0.0
65.92777798589597,72.33283638932494,101.6602360848374,101.88549733265477,69.2355109404383,51.52239552591032,3.763194331423115,-3.974320374164102,-1.0726925672858378,0,0.33069701681201635,shoulders_uneven,medium,-2.9115010241389028,0.11268306843917664,8.82241625067347
62.99663004440718,70.07166029922078,102.08836849241894,104.2349854384473,60.87408884404389,60.82327577679285,-0.6078939875028269,1.1054675501542457,-3.3963459388025683,1,0.949671170733148,none,medium,0.0,0.0,0.0
72.77756323171124,65.40656744256952,97.91316593197458,98.52455042881047,64.87908359672355,64.59227221971207,-3.386371989446163,-4.164456624893102,-4.80871033562713,1,0.9029866699826519,none,medium,0.0,0.0,0.0
65.78470529092621,76.37449174371318,88.30515579308936,95.68160490338059,61.58624219166529,37.09170116292939,-1.6432616696094038,2.4939045280115906,0.7191220385060069,0,0.3244009978930721,head_tilted,medium,-6.66137858364997,-5.125410349513164,-4.64798402276585
77.49047281285561,67.48421883972493,101.90574023327162,103.95534851138055,67.44874803660291,57.411233274773664,-1.7244783481986756,0.466852550992888,0.7540938728614837,1,0.8407334275545371,none,medium,0.0,0.0,0.0
71.99726817136428,74.52130773275151,111.36494309409964,99.88726953593833,65.31926352026916,59.32568119841425,0.0780506395877909,-0.8072833883397799,-4.818759589542703,0,0.28250084553446103,knees_too_low,medium,-2.16281253623948,7.913495552375572,-5.913672332020594
69.7714988445161,66.17504025621936,110.14314462134936,104.79238263802377,54.51798756924299,64.19118439785571,2.2344366235491195,0.3565659934757859,3.3611770320724883,1,0.8019957553316899,none,medium,0.0,0.0,0.0
69.73439673491227,76.11784441209313,105.48234616905442,96.87161356251895,53.40376402700616,58.98509681302171,3.8255987677234735,-0.33690243859829927,-4.243002726902125,1,0.9709948039122949,none,medium,0.0,0.0,0.0
68.62148903539567,74.70348071911341,102.48082452798968,100.22133986674557,60.95769649722415,57.20128763202259,-1.2453107153349965,3.038145451934467,-0.665277672443656,1,0.8148210845149735,none,medium,0.0,0.0,0.0
60.617236469790626,73.09855722983067,96.82318805587185,94.0516667045482,56.87827305143388,59.077373211720754,-0.3576148026077508,2.2273775223880463,1.56729484721608,1,0.8739148398853547,none,medium,0.0,0.0,0.0
68.95522922387993,80.5506779104281,101.34266993232404,107.56504633001994,66.98298445790633,62.073239925523914,3.0300207195783706,0.18008066404624845,-3.5967548180648503,1,0.9503493984791681,none,medium,0.0,0.0,0.0
77.01684985062596,73.48951636269514,97.78477989435758,97.60253516300378,61.48287772570381,62.31592397633792,2.5871532116392073,0.9715530599030187,1.5413273702787365,1,0.9816456977400646,none,medium,0.0,0.0,0.0
79.32312528411539,75.54964797940168,99.53800780698326,93.91439798823548,55.06084659539767,64.66616224157818,-1.8617319177558445,-2.5849937200716653,-2.8508736296360415,1,0.840450836104907,none,medium,0.0,0.0,0.0
70.07809166974802,74.51138586893323,95.46121909926539,107.59641961820884,62.55396044263797,65.15290292812028,-2.2805396058155125,1.9235892246105815,-2.359380153062812,1,0.9592482901082737,none,medium,0.0,0.0,0.0
62.889967375462334,75.52530364901455,95.91299551546325,96.95216085582008,54.93342082201137,63.50593163035187,-2.353649730746427,1.6196894479386863,3.149397285405392,1,0.9190606531854978,none,medium,0.0,0.0,0.0
66.51614090785212,72.91013283542364,101.30221131666778,97.30579071903631,54.95722657961896,50.1868715416371,-2.404235507249508,-4.66323596125536,3.791857726012477,1,0.8062298185586783,none,medium,0.0,0.0,0.0
61.92944135293867,71.00373586356054,81.46984274280993,117.46997812752358,70.06111418925305,55.61610357147346,-4.3274408603263215,-4.050820631783303,4.988926120332906,0,0.5301662656495791,shoulders_uneven,medium,6.897426955104578,-5.019825277818201,1.5340479771551259
73.78394339993491,73.06234397006801,94.91658435711751,98.77959763162899,59.80346356186185,59.32751607799133,0.6618069122507091,-1.8722201078964593,1.5434200549271972,1,0.9567476502150473,none,medium,0.0,0.0,0.0
100.02354871765166,89.44624817598012,126.07116952831237,140.3007366039447,84.5014069391342,74.95860088938154,1.7612539758829024,-3.615645066706057,0.7884016803559257,0,0.3562374430327129,arms_too_high,medium,-8.613433392244705,2.766444795836531,4.660072392567066
78.42796994223201,84.79144214852501,116.94977683443912,102.46464038410807,67.43796456420152,81.10009367211632,-0.05852329362117281,3.6104529950331194,-0.38833098746089956,1,0.8886118724660842,none,medium,0.0,0.0,0.0
83.27246245035602,80.02916773332717,107.81195871621517,115.29371914957404,71.01027308012823,73.26194358121784,1.4425672365081157,4.7424765414475605,-4.301993453853711,1,0.8108781497044623,none,medium,0.0,0.0,0.0
83.75143455040474,82.99615973556483,103.31995816682272,108.05418841457016,70.46539936269723,67.32843498861912,4.487443951497109,-4.393950922850902,1.853953434460057,1,0.8905822140535222,none,medium,0.0,0.0,0.0
77.31275363504858,60.979786889249354,138.58912022686349,103.05248580390813,73.6486685478344,80.76536112159195,4.213075122129755,0.8319080427709755,0.9284018050811014,0,0.360754879956292,arms_too_high,medium,-6.92617914311591,1.4521446576404493,-4.459749513480425
75.96282299265192,79.25497400318068,114.65785634340533,111.3063334206595,71.65971278333431,73.99589409952699,3.629968313588721,3.860934353132082,-3.033464150470413,1,0.8422463662945863,none,medium,0.0,0.0,0.0
84.476777153813,76.84211135417334,111.26582619018991,114.10172006306227,69.83193717648143,72.27370456070567,-4.376059314017228,-1.647209499217043,-4.3298346224879,1,0.9694775861142748,none,medium,0.0,0.0,0.0
81.71533504462968,81.54225054165758,106.66857899745047,109.111530114433,66.70198865740383,66.47565773092255,-2.314378325463574,-3.990218931822389,-3.325089109058923,1,0.8938214422095158,none,medium,0.0,0.0,0.0
79.07353700209806,87.19162277129095,123.11775611198783,100.25352159727599,51.951987169162834,54.36933381635345,-1.975209708320734,4.753732771464209,-3.2988458269071854,0,0.2082083258917301,core_unengaged,medium,6.532366910049774,-2.6880859799206647,-2.9260662683853216
84.25534607010307,87.50285684481334,109.61951615694021,103.91301940505367,66.47222954110875,75.04000973622523,-4.968590939518779,-3.2575659835462045,3.7540562512183424,1,0.8623379657030084,none,medium,0.0,0.0,0.0
79.79622075076689,80.94615989952963,105.01829158913098,114.91558816488273,64.27170714417322,67.47751757864184,0.47237520420643087,4.917728809792495,1.642017130717857,1,0.8694124736998791,none,medium,0.0,0.0,0.0
102.7521930069481,85.36757523006536,71.8475272556679,139.80696456005157,81.2038520360659,99.34627379782677,-1.717668943216606,-0.4601008880030104,2.6244695867486847,0,0.5352921684327202,core_unengaged,medium,-2.7719244186562726,7.195893496232912,-1.863903980965528
83.9292552401197,61.17338376115046,104.73205697294352,150.2701135709611,51.50096760554685,79.91085091695624,-3.346977138620387,3.5426078899733575,-0.09234993287639526,0,0.4966410477807142,knees_too_low,medium,-4.41168231647856,-7.366928224134832,7.09406900186395
81.06726509639905,84.14354717609959,117.80474899549534,120.17516350682955,76.23133671561492,67.18954837347903,4.388949600412751,3.9398520504696073,-1.6251967432510184,1,0.8505596888031546,none,medium,0.0,0.0,0.0
70.7383645049212,84.17717044107933,110.67701241241805,101.65780623048686,82.6478225273141,73.12209706128276,1.2347783051929637,1.0028146052803697,-4.464855370869567,1,0.9503352344045839,none,medium,0.0,0.0,0.0
76.16289499964162,75.61807633277348,103.09002338703405,111.24950854558864,65.00123599455934,66.0823890793231,4.446657321710951,1.099415585960517,4.2452246873189985,1,0.989700588643639,none,medium,0.0,0.0,0.0
83.71076402188228,84.99408322389075,116.86058423286185,113.03622726841704,79.43667949447207,70.5975126063234,-1.241949841539137,2.081218349006254,-0.24312181989041282,1,0.9870344173452987,none,medium,0.0,0.0,0.0
73.9094601422534,83.26750976027931,108.11339244940869,120.12903545955625,67.83549590607426,71.57224458675981,-2.215292710724477,3.529819953305914,4.283835056363074,1,0.925264470331239,none,medium,0.0,0.0,0.0
83.2461439515255,83.78696734488695,106.7618394320573,104.38235439543003,77.65949958272273,69.03850482985459,-3.108608999770154,4.223674846701028,1.95624652354058,1,0.9829931730155937,none,medium,0.0,0.0,0.0
89.562047049584,84.32077106735443,111.39309596032959,102.86333205242268,71.01010468495004,71.07470084969466,-1.3411419044311956,-1.819504274490813,2.494260059808086,1,0.9854710361172594,none,medium,0.0,0.0,0.0
78.76624668950562,77.657155386009,101.63257600161943,106.71657604944944,63.83531823004585,64.984100845386,1.3709470082444248,0.972924203534693,1.5338349847868056,1,0.8082998334366159,none,medium,0.0,0.0,0.0
93.10274636704627,57.615968200102046,112.414684207685,148.0027424801979,80.15720299536446,66.32049188001204,1.226895409497974,4.9010884608686585,-1.8812056423627475,0,0.5853441281784151,head_tilted,medium,-9.79431008128616,4.32099946484289,4.124923251105244
79.45703514643778,76.00325773311997,105.89911560476988,103.74310876786303,67.65783075859817,64.22652628683566,-4.381915393107773,-4.076394718886215,-3.3720901079377064,1,0.9857261124230788,none,medium,0.0,0.0,0.0
80.42604724816951,65.04432014549639,109.06551920919007,101.84763378142429,76.02997258273408,73.88703676382255,0.7789111269408835,4.043597749938572,3.174078473061094,1,0.9507736165419827,none,medium,0.0,0.0,0.0
83.17723014157178,74.41290913243301,101.46307758728007,102.23208228292596,68.64920003808668,72.96963367211322,-2.2836681872563034,-3.0939016692555024,-3.153675426526308,1,0.9382111625478524,none,medium,0.0,0.0,0.0
86.11541533547663,78.70572799815085,111.7625248417844,107.1482431679316,60.896983497257416,71.35028679195712,-2.0005793022297738,0.96081955238306,-0.661560771447558,1,0.8985639169065649,none,medium,0.0,0.0,0.0
81.84265157810297,64.87003998249757,105.8402591515103,120.72743601141028,82.78268327212028,88.77184632721396,-0.8914290815950352,0.6057980900104862,4.426591769666304,0,0.24234129435116356,arms_too_high,medium,7.460387880594322,0.4628604139433037,3.993798181174169
92.21254224998528,69.26724771112518,99.02686145570514,106.27462960381814,48.63124540403362,76.64178287982779,0.3229187595145442,-3.967349911249516,-3.274761230536379,0,0.4379389518007638,back_not_straight,medium,4.777333542660653,-9.35113107905626,3.174352774540443
81.67088208622448,79.22370475587626,100.46096221061305,105.6980749461025,67.93197233289177,79.43843828670096,1.1397030632523268,-2.471418817498888,0.7763175434442262,1,0.8453043252072212,none,medium,0.0,0.0,0.0
82.14781500101739,82.16694307866948,99.1784506607608,108.35700280954222,75.7678171432993,67.40696010484852,-2.90940626293154,-4.153116581246932,-0.3330687911559158,1,0.8656358965595224,none,medium,0.0,0.0,0.0
77.744205707955,82.7587039995546,116.00130874869414,107.68419318957301,67.94286696441999,75.76950367127874,-1.9671410915071705,4.325548784193121,-3.8135623425841967,1,0.8918248046573362,none,medium,0.0,0.0,0.0
81.68035583962835,89.7858726681982,109.86584078145471,107.43080691578614,64.2633901617583,68.43789104252475,4.711509073682858,0.6218881106452514,2.1475327644394584,1,0.9312819207001314,none,medium,0.0,0.0,0.0
65.55901152073082,76.9008308045593,119.15324254383833,112.35459441452652,61.202030956540966,73.36324606436189,-1.8034794470793747,-0.6182328333364477,3.9926035892468956,0,0.2925920383651953,back_not_straight,medium,3.6270602648269765,8.803663825041653,-9.06428310056463
87.98024245697778,78.21630718370486,121.66644660824892,119.7761501545389,65.48286791815528,66.45866130298494,0.5632800725707927,-4.70844813977911,4.0724894435640575,1,0.8576010691848083,none,medium,0.0,0.0,0.0
81.48603613885115,57.2404067648226,101.88374255483271,114.21832327214689,56.84604323824518,53.27824142925227,1.2982065443470772,-0.9678936681617722,2.5239788230378792,0,0.554472708851738,arms_too_high,medium,8.686082283349805,8.328410890641326,2.7082871372381963
76.33483502238005,89.09030961278913,113.87577747017392,112.7652004292618,71.17012227176573,68.75735690962776,3.4466590909022425,-0.6869829365898541,-1.20959514616965,1,0.9080593063580614,none,medium,0.0,0.0,0.0
83.27338308741156,77.63367476583475,121.75102900002861,96.67833839462776,73.36471602247519,61.177020453614766,-4.607305857583476,-2.2800139465564397,-4.936209565934093,1,0.8650422392552423,none,medium,0.0,0.0,0.0
79.52770642778998,82.0980498601206,105.68058519705117,116.39732465828875,75.20862332029425,72.91772151505944,-0.9978772415032804,2.832979829560477,-2.340715493678812,1,0.9893512489384482,none,medium,0.0,0.0,0.0
80.36717259620559,78.31810668444798,116.41181737057802,115.43869921616874,72.21750860292262,64.24065807706613,-1.9278358297872913,0.4645854172812438,-0.8280658143542352,1,0.844535215824617,none,medium,0.0,0.0,0.0
75.48710379288761,61.857845968717925,115.83468094028275,113.77210413410768,67.08596302032221,58.66312749762456,-2.650057224653084,3.3015098299791816,4.482515377900793,0,0.2209565182379445,knees_too_low,medium,-6.807501971356656,-3.287534540441765,-8.463851178614375
75.47554036976067,75.15945855835442,109.20868059298004,109.87089407475821,72.16942740000822,73.35943287475779,2.8161547919639904,-1.8629348794793477,-2.5212664127157636,1,0.9893512070347407,none,medium,0.0,0.0,0.0
84.79102458647117,70.16780365431975,122.14572161006076,116.50156596067796,67.20134043929947,71.91213280867555,-3.0555235556831137,-4.068038804373053,-0.8950420593944539,1,0.9026366167513558,none,medium,0.0,0.0,0.0
69.50012309642256,63.988334816801725,104.43562970642667,106.75357957586166,72.12678130690405,62.44120792938605,-0.07464619285710761,-0.5789296532027999,-1.6559882101125134,0,0.23340996587200752,shoulders_uneven,medium,-5.777481148839252,5.049366751729886,-8.97412302037569
73.81286680888714,80.54704235916485,116.64320414124116,111.5659223693249,66.9674830589213,72.27952097585352,-2.3182563225508668,-1.389252736589628,-0.9154441859151738,1,0.8298498939482948,none,medium,0.0,0.0,0.0
87.83898065598237,75.70249980099912,112.62595195168865,104.31096420173182,72.61697508451007,68.37206321423439,-2.0271279571867353,-2.7000624603675947,-0.8869602793376874,1,0.9791379888533234,none,medium,0.0,0.0,0.0
94.62968687716969,87.73442132665934,124.67633168042053,117.83213818900904,53.44495257204446,65.03816163508664,-4.699786678509281,-0.5547174694984038,0.04619024607695543,0,0.4140609334721401,core_unengaged,medium,-8.359526295770582,-9.30121507188023,9.795128268186694
73.05016452745092,64.480135693446,110.65294716137167,134.1245820808308,64.49758501139384,92.46664811863035,-2.9847162199368715,4.344330387534415,1.8908765374822964,0,0.3709945816361072,arms_too_high,medium,-3.3943066499583114,1.2846363336907203,7.01149056030232
87.34791268680443,81.47713643282442,113.31723864575756,106.3787673397083,72.93166487789068,68.01936951005386,-3.740448036206417,4.791515551006157,1.7383889827000463,1,0.8205685184314954,none,medium,0.0,0.0,0.0
85.91746833444964,74.10979566311809,118.33612055775569,117.61619310856129,73.67810998622873,78.9089945438553,-2.2407730561945316,2.68581330913202,-2.737275699968138,1,0.8858124738605332,none,medium,0.0,0.0,0.0
83.09315060054871,73.4186497946295,105.95890795606682,113.54964564600263,75.36443371496446,71.62718429716905,2.341512590416462,-1.5868135404994788,-0.214716300804775,1,0.808999364247085,none,medium,0.0,0.0,0.0
107.91045227117054,99.87096063444312,144.6457379065778,159.5570954356986,73.59772214498767,80.94739910610541,1.638244748527251,4.653027236303998,-4.495832263977908,1,0.8591864058873233,none,medium,0.0,0.0,0.0
118.11096550774714,119.75571024148897,146.1345827221476,150.00250032516814,80.98152208462177,76.01093125831332,4.172680665776806,-0.9340946264052779,-3.567185412973589,1,0.8681917142871117,none,medium,0.0,0.0,0.0
111.1449819622967,100.71049274300856,153.01623750285697,151.49079232995263,83.19330084321551,85.29059162543575,4.4592464403208645,-2.0417590250346396,-4.988879058038126,1,0.9359266364790287,none,medium,0.0,0.0,0.0
119.78969610765617,92.93468815173898,168.18912356130684,176.02247836840843,97.47548157259186,61.31609132578168,-0.39330170166510836,-0.010288830862340781,-1.8173795861427413,0,0.2509477893791524,core_unengaged,medium,-7.474577257845363,6.2686896464852815,8.485085492062318
103.25923212990867,114.61281758424072,153.18182863876464,148.36339901862573,74.23915310239991,80.89015367339687,3.1527633109056,3.9440438864850726,3.2360642079818938,1,0.818419750839918,none,medium,0.0,0.0,0.0
116.66094555380393,111.13295995746405,157.7936060642172,144.56463811715244,77.8182026564088,67.96065836536557,-4.189613895349432,3.2972286632162433,4.767943728275862,1,0.8276030974040104,none,medium,0.0,0.0,0.0
109.5481298444078,114.88659258032165,148.69452950768712,140.01861867564293,79.39451655767103,69.96610656116759,0.9230137106209568,1.9465377281017542,-1.3532932376566342,1,0.9719112793835873,none,medium,0.0,0.0,0.0
106.05429185803699,111.72806708192684,142.1114895418357,152.35571874881046,78.38040091726535,86.64998418773328,-4.074995620610363,2.803478627401585,1.7370173354215641,1,0.9989368330392974,none,medium,0.0,0.0,0.0
109.59717100843815,100.24196403229924,146.823862667354,153.52111144742207,81.40055130523292,72.4838903279357,-2.1773752958706716,-2.0192434947517723,-2.221548367934345,1,0.9047127159059711,none,medium,0.0,0.0,0.0
115.09177692114135,112.32673086763323,149.8801134875102,152.20635767260845,81.90099184576697,79.10196751106912,-2.2821348391987084,-1.0083320548898045,0.9859510740467083,1,0.904642610994175,none,medium,0.0,0.0,0.0
104.48181064375301,110.67816004387977,155.05351082293055,153.7452197226302,82.31006654964642,79.14886554204128,2.3238844659755484,4.241077159112795,4.751799759755084,1,0.9059427932216736,none,medium,0.0,0.0,0.0
113.13416828514065,110.93243976983476,144.04900485952243,155.43678412857983,84.09063643124092,69.46574804321095,-1.8201744865966507,0.7973116613419204,-1.5437500642359847,1,0.9580029683119764,none,medium,0.0,0.0,0.0
105.96890916595478,109.68313416184007,145.11009894728738,149.99134150887195,79.31830826492757,85.30197952616942,-4.998134718293369,1.1397945627339379,1.1642817737187006,1,0.9971610641700411,none,medium,0.0,0.0,0.0
105.14450909207842,98.78522312470103,157.90849484060746,147.08218263842036,78.51613369517152,78.21046967685483,-2.3752941487873547,0.2525841878158328,-3.8879125266178125,1,0.8361036456784847,none,medium,0.0,0.0,0.0
105.80703423518068,107.48221687091313,148.98799005684327,150.38476995112774,87.5032489486652,84.54168080540548,-4.580359265563657,-1.3635464108055038,-4.014057697580635,1,0.8429833062773439,none,medium,0.0,0.0,0.0
97.1664914536508,94.58094858389991,179.8315203587182,155.01177974444994,63.63306444195775,84.3179884748422,0.9567982416152958,-4.1938459483039825,4.395685890251658,0,0.31853032075992005,head_tilted,medium,-7.130610859639599,-6.971089561292853,-1.3445703131636222
116.01238873826505,111.58573492355238,149.7706937031549,145.84364613023845,85.47580205860116,82.1675274997342,-2.2293075028660034,4.408801695592043,-3.7565415856912967,1,0.9566939120098535,none,medium,0.0,0.0,0.0
112.17987694750023,97.33876957390157,153.41034745031317,150.63088951830983,78.88762551610867,90.23431097859779,4.505328209544089,-4.779338513177091,4.825212722560387,1,0.9619350072531778,none,medium,0.0,0.0,0.0
101.15136053201365,122.66424842146127,147.37583150998032,133.95157006379245,61.02970352365912,102.939448262593,4.0553883792890115,3.353725302842461,-3.0311212822431646,0,0.2508384960873757,core_unengaged,medium,-6.214327081679811,-0.813371183989144,5.042573990871425
106.79801160470697,105.91352269559678,146.17388816997655,150.03142262445937,67.82911807078703,72.44884877291551,-2.5260025294165422,3.6629243598218135,-3.3537157174133125,1,0.8029134309502558,none,medium,0.0,0.0,0.0
109.92531611339618,108.32575758197609,152.4954489752666,152.8172997709162,83.9560451950644,77.45869824552435,-1.2619189113299756,1.2532995970423304,-4.87658953939626,1,0.9085996265210539,none,medium,0.0,0.0,0.0
97.11458691696936,122.20322059955825,125.02661369806579,171.3026544404006,74.84176707781006,88.62549552663528,0.7386584967709631,0.6601842488782097,3.7803351284445696,0,0.25813067696820163,arms_too_high,medium,0.1139348756274785,-8.759171660868914,-8.576886422441806
110.87643389466962,103.31637280562035,147.94088315518172,150.65963983385979,77.72726140628278,78.90673361282482,-3.7305558624502733,-3.7671622070105313,0.1856168866573391,1,0.8339774146438115,none,medium,0.0,0.0,0.0
114.78740435137986,111.96531143118047,144.9933169374167,134.81589964744478,68.15979481923556,81.53112374371075,-0.8632132101473964,1.5297292190793934,0.7961909722813667,0,0.2679490377617905,head_tilted,medium,-8.891682231155112,-3.377070216717004,5.319431497103581
110.78477821733725,117.36242750927143,130.71476372629985,149.44031387630048,82.07197559604082,72.0839266395781,-4.272650522213316,-2.1939918676208405,-1.5006214642928595,0,0.4710183220735103,arms_too_high,medium,0.9385775197095381,-0.4982025426646395,8.44868567312249
110.22611354499992,110.25598950940542,147.49107903594233,143.1376722605795,81.61487251808835,79.69498014072309,2.9915797110478204,-1.658072858268901,2.308703457761604,1,0.8361783802757797,none,medium,0.0,0.0,0.0
116.00507380585945,111.41473092253743,151.69861929687377,151.41001312508428,80.7985886434105,78.1687915126091,-0.8418143198158905,0.4858841505468847,-0.9726051525316928,1,0.8279974753443526,none,medium,0.0,0.0,0.0
105.17167598238396,118.14583182450473,147.09108983303972,144.13060017795513,79.0103113550766,90.33953169081776,-1.4218875066440697,0.9378063194345216,0.7559342864008203,1,0.8836779066756667,none,medium,0.0,0.0,0.0
148.54860553213,89.62682497210707,129.04598862798062,155.08047553258777,98.07011659990556,70.63851931511435,-3.042443935943754,0.13175082282035877,-3.6949544036256023,0,0.47973578650105725,head_tilted,medium,-3.3887799538741836,4.894734556584199,-1.7519387906426775
112.94674688689076,108.69318608836566,150.81605127513677,148.15323444976718,77.22328848068338,75.13188995192186,4.080150893749742,-2.5742173392617484,-4.086911974553297,1,0.8831028126124132,none,medium,0.0,0.0,0.0
106.64218949707869,110.56474016221017,145.55275625380227,148.35758514294733,83.75223285443687,73.49338460547177,-0.05478874879592066,-3.783046932733277,0.8809363760544695,1,0.8551073134281703,none,medium,0.0,0.0,0.0
115.88428121809291,112.42260172739007,142.3275993429735,154.19381071954615,75.86325500179824,74.14514060639193,-3.188281491499799,2.9069110190016794,-1.1526742349255503,1,0.832924102647301,none,medium,0.0,0.0,0.0
118.00973753256199,118.40247815207324,152.8011851974423,145.94808152787508,83.73851057565824,84.74353458746533,-4.853910028911171,-1.3962450763682934,1.0483942936258117,1,0.9157955293108291,none,medium,0.0,0.0,0.0
107.93504182955128,113.92562610337814,144.85166885860278,145.4575180405336,83.31058645741014,70.35634988625077,1.625679177387851,3.077178199814796,3.8591399549742498,1,0.9414030588545181,none,medium,0.0,0.0,0.0
108.01243680545069,108.42108811779914,142.95948313093555,155.40913075520132,70.93383356998477,74.706947047354,-4.597110542654579,0.12214707677051528,1.8047946252437397,1,0.9823451753825552,none,medium,0.0,0.0,0.0
116.0639219456521,112.40299356469492,148.98657799081445,146.3014159124872,84.32976341958323,78.58711950606771,-3.4811382766336973,-1.7144185011420152,-4.455339526331624,1,0.830274234252655,none,medium,0.0,0.0,0.0
108.87566052485899,117.28323942953205,170.83744571805894,162.16632509684388,65.08584932466569,74.3755388307831,-2.3083842900837084,-3.013683861381309,2.8338721999583836,0,0.45808743033786553,back_not_straight,medium,4.90429485381669,-5.355506181973137,-1.8934927870609322
116.70715987686852,106.53622571150979,142.45906072823036,144.21510762428855,79.8848757277675,76.35660966527105,-2.51460179072574,-1.8305737823271864,3.088263234916841,1,0.8218027231281858,none,medium,0.0,0.0,0.0
113.91436867474286,107.8443721521245,152.04026423418378,152.75398786136833,82.22386903915798,75.8717315859893,1.8254047876715704,-1.6838315089216604,0.005793174308312388,1,0.9890048129161138,none,medium,0.0,0.0,0.0
104.76822563314812,110.1455135416251,154.94930070293,146.92406162142197,79.35550407940906,81.7032706820607,2.5182514595668115,3.1194623463788336,4.457497022259302,1,0.932462747746144,none,medium,0.0,0.0,0.0
115.14728740799178,114.36157690014225,144.28490343963136,154.10079093377743,79.67655697483741,80.36437049007758,2.1746499061191216,-0.2452428476726629,3.49098019958676,1,0.8107269583041662,none,medium,0.0,0.0,0.0
111.6944579910926,108.32931775770079,143.27675486265287,151.05800190294252,80.45550433303062,89.03267335729667,-0.39101661793418074,3.287089838180064,3.2956271568304984,1,0.920862596448064,none,medium,0.0,0.0,0.0
116.09097355877128,115.28684152689112,154.36098500036488,148.42456634402944,77.1412697902197,81.66303755162099,3.8638036196014163,-4.52803298302621,4.614166196420495,1,0.8815556068812326,none,medium,0.0,0.0,0.0
103.07285865942755,113.96642702582562,154.9826231694829,146.35167688089436,74.88707324863954,78.48519311562849,0.4425733701525081,4.757788185489327,-1.3086380619079554,1,0.8021430595390718,none,medium,0.0,0.0,0.0
111.40504625140903,99.33702186922582,155.06318704822036,149.2092307781384,96.21546484797366,91.53958125308056,4.827395409103859,-2.500271091311703,-4.266359325403974,1,0.8276743189441114,none,medium,0.0,0.0,0.0
102.23286100766603,118.72935668067578,156.99641670635026,148.09033864137317,82.55113822584804,77.57604661821553,-0.8103022622047558,-0.419713834161314,-2.433527928139042,1,0.9297494227790036,none,medium,0.0,0.0,0.0
99.90756067805681,110.72531872979691,153.9658784410934,149.3897143393936,77.71075806908755,79.20318883927047,-0.8130485667231575,-2.80365071405431,-4.997729617817445,1,0.8408484212736858,none,medium,0.0,0.0,0.0
112.39409374106538,113.3978784258032,150.747097367546,148.55803899849852,79.40029363186764,83.70203561188619,0.12392820732106546,-1.5116809254136987,-1.251750756500023,1,0.8238281343992097,none,medium,0.0,0.0,0.0
107.07036163341122,111.64553389355065,156.26421317213743,147.75887691849925,76.53874835367051,70.15538428791959,0.08894070069880211,3.6144568602132416,3.6603567504575647,1,0.9351173547134878,none,medium,0.0,0.0,0.0
106.813566051343,132.56321424244885,149.84751418885836,154.44546658881953,83.72410899367169,55.61600950010822,3.58761429838704,-1.7411865738420964,4.540422650780858,0,0.3594569976852256,core_unengaged,medium,7.258447870219779,-4.658499850873352,0.693218461510476
39.91257396695278,62.39615050576117,79.83724392174304,88.33519542342398,40.73483766857604,31.292065935598544,-3.9319929599763634,4.53402879382095,-4.397730550997025,0,0.5503619699999578,shoulders_uneven,easy,8.10597998021031,-0.14086056688279847,-3.396880993687912
44.36133457994136,42.416493698450395,96.96554795319861,81.74172102437268,54.74537482304217,36.72126970813666,3.6465235460274563,-3.813393855254612,-3.2812348786407575,0,0.33051286062757856,back_not_straight,easy,-9.584839357520716,5.217719553430193,-9.145207878760973
56.815702065356966,62.09830122406033,86.03031662947583,76.12731567282803,48.38993411396082,48.79503403072402,0.024656497627654872,-4.8561876401584705,3.0298130130910383,1,0.967284184597128,none,easy,0.0,0.0,0.0
60.43576970191087,72.44730540630347,88.30710009630522,97.89970053971723,58.21012107522473,53.76812142635992,-0.5279896778356195,3.29821264717285,1.54725348498443,1,0.8388547142003603,none,easy,0.0,0.0,0.0
56.038155525978446,61.6952722556649,96.57075905673892,87.7919738828949,46.88936081371643,47.23156128985168,-2.901023704137693,-2.3908142034983193,4.69615938904338,1,0.9901637319832863,none,easy,0.0,0.0,0.0
63.98497931861137,62.25369395021774,91.75005598967587,86.73556320900467,56.46511639107351,50.07245098659896,1.2024135426891212,-0.22257873600464073,-0.21841076444155938,1,0.9016283437330389,none,easy,0.0,0.0,0.0
67.17270104358501,66.91990245586008,97.76520538146325,77.59006832139848,53.596757246454175,52.711493846528704,4.240729888456832,3.2032408814720092,0.6186378980951845,1,0.9393122804288092,none,easy,0.0,0.0,0.0
60.939658261355746,63.36150598793324,92.68680140724612,94.62205093637498,42.14988353460232,51.57926724973728,4.677428248337156,1.577653832726,0.6439538033898966,1,0.8851995038936856,none,easy,0.0,0.0,0.0
63.77559621986279,72.52308340135785,94.00757159438504,94.88657650525734,49.352342961387826,43.073714552463485,-1.2177548475665523,0.17293482152253148,-0.8689260227285578,1,0.894503088563917,none,easy,0.0,0.0,0.0
49.1787547538117,57.78290244679324,106.69305211152745,93.57721217045896,37.41019397330811,70.31661609176413,-4.102404994398428,4.108262646863153,-4.939529568160216,0,0.354722896820752,shoulders_uneven,easy,-8.388383754269729,-7.056734978101094,-4.040455290083125
58.14071058860667,56.357691891598286,91.59762335391477,98.26808634246143,50.69943616419564,54.98059107455565,-3.045419996316001,-3.3377063794834125,4.164891511155142,1,0.9069118438312618,none,easy,0.0,0.0,0.0
66.62984985237546,56.735957579150984,91.90622133239036,89.32036355072117,53.090545512702946,57.54728846703845,-4.503940916505172,-2.4293730781079126,-0.34963665779090025,1,0.9761790321089505,none,easy,0.0,0.0,0.0
64.52550013352604,62.63304344367897,62.343096247788814,76.64523227970193,49.03883353776925,58.04436364275785,-0.6914172461772932,-1.8780811621361204,2.2511115993331607,0,0.276134790038019,shoulders_uneven,easy,8.344411836497258,1.0711706532471599,-4.015359913978789
62.28483682266735,66.56451326959892,92.80007573703963,79.9049038747956,48.1523457687182,49.79195771134469,-1.1253353617824335,0.8342151901843504,-0.35796051047873334,1,0.8125013883020822,none,easy,0.0,0.0,0.0
70.51218338490919,58.71895213930008,88.29541646954033,88.76336133461089,47.99605177510255,62.62198268911611,-1.1951811450696415,-3.938744145090045,0.31356831752695236,1,0.8053735308089871,none,easy,0.0,0.0,0.0
66.13575837061396,62.271818537493296,101.3212906396889,93.41048113799947,55.7140481938878,56.19181416255056,-0.7123570888531647,-4.462180358226221,-4.779141546988202,1,0.9021941486090125,none,easy,0.0,0.0,0.0
54.653946715194195,52.08175087419751,92.08600787189597,86.83263107224671,59.539043944906396,49.6372883838238,-0.8170888890651407,-1.9058720512955563,4.367245558534901,1,0.9711102246871746,none,easy,0.0,0.0,0.0
53.35710171138007,59.943274051123595,82.17187771805274,95.12958992859639,51.21173639182362,43.26931982022029,-2.9300639875494183,3.51405747891474,-4.157356338441489,1,0.916783857852227,none,easy,0.0,0.0,0.0
54.215753349306794,64.61922092130507,92.69415611396029,93.68039408171137,48.31551006018868,51.27819487566582,-2.1352626225541638,0.1807716519756113,2.4801607669940235,1,0.8281094255991086,none,easy,0.0,0.0,0.0
62.05214876597251,60.978370316154894,85.60606555833947,95.41481385509556,54.49069860408318,44.62288611577667,-4.072851891897301,0.3222287485619386,3.2164156977895537,1,0.8385741137379229,none,easy,0.0,0.0,0.0
68.7014826245281,68.15184691431159,79.57551013050953,89.5825868305609,58.207125125907154,37.12466968820865,2.62212058314177,0.9171696889240044,-3.0797663086365548,0,0.44687769084678663,shoulders_uneven,easy,9.396377292675695,4.552622753993774,8.452075141879156
66.81281426356226,68.20307281744144,105.76028367256042,84.38252983380201,51.21441006575137,39.589506484055065,3.0517439736037684,-3.142230453012922,-4.150337101105336,1,0.8395111811356957,none,easy,0.0,0.0,0.0
56.198545262180104,69.66229748724777,92.21761869231207,81.48935646730806,52.75393867558382,49.02661668821001,0.023718199720955013,-1.7211600598174148,2.371324139566391,1,0.9845290279207144,none,easy,0.0,0.0,0.0
28.83282270215705,55.19553293195037,114.65067233706802,95.40971837153693,37.04759592552599,49.53194766591374,-0.7085050804167814,-4.251041579980162,-3.9383964645253275,0,0.40720417255043917,shoulders_uneven,easy,2.2837248863802273,-5.267804345849854,-0.3300382978639238
56.424683896812866,56.95049618564039,97.87694737028083,90.14395406869241,50.59105995700968,46.62904719830887,-4.635389491743815,-4.472560478377826,3.341641082084413,1,0.8238420885681147,none,easy,0.0,0.0,0.0
58.813989872031655,51.313138355463806,82.78749315732031,100.44251995738934,42.23461140696178,48.6786313395639,1.172195829944581,3.8480794703065087,-2.6864235774059098,0,0.544319574766198,back_not_straight,easy,-3.0760622663934463,3.0757350224892317,-2.9960263795356195
63.53522947067035,73.74322467241944,90.72946267958429,80.86977294634049,52.287582450633735,54.30131485700598,-2.9853607894646705,-2.347914630031709,-3.302407986071735,1,0.8580088056355973,none,easy,0.0,0.0,0.0
45.7479637067474,57.01972330576556,92.74590330559306,70.9634991794538,34.04531184905084,39.58275686206673,0.3282703740139423,3.6066782178888506,1.949183797815075,0,0.24094683383328375,back_not_straight,easy,5.035415753659562,8.124670388702771,4.868703479123887
76.0007824508149,55.17130288304865,85.88733729953366,88.63607740764488,61.61187351017318,59.464386155343696,-1.8378487743666994,3.4497085364010136,-0.2367764779309569,0,0.4149361987372725,shoulders_uneven,easy,-6.160891220085485,4.384688380882935,-4.568990896450287
51.939905496637365,56.1044101481866,84.77929488821074,91.89801050893128,43.82318486663774,47.30392992096877,4.442088383461076,4.955109680158664,-0.4972318955840924,1,0.9391589933881491,none,easy,0.0,0.0,0.0
77.54091110544388,57.1122566423617,95.97665795035023,96.5584664632056,27.31586610888388,36.50938809268019,3.2956583142836866,-3.6630434560056377,4.353944896677987,0,0.2346826270382561,knees_too_low,easy,0.7672620420204552,8.26459372558541,-2.2405449120422727
60.83518500363178,62.08697565366958,92.79325457506906,89.1292469512539,45.44332348453952,43.90642335662562,2.6531629952538625,4.294034838491537,-2.951975909437905,1,0.9401616836003481,none,easy,0.0,0.0,0.0
59.33915322177814,60.36139482692145,82.49889069276531,86.10581478589782,56.7553644620657,54.43095594292398,-1.2279821754236133,3.01840168452806,-0.6546903669550463,1,0.9953235274630019,none,easy,0.0,0.0,0.0
56.61879395878788,54.52817601224928,87.05922821506125,97.09119391453144,44.57894960110094,60.58373410739826,-2.7166874763138917,-4.41542012763123,-2.000706025269338,1,0.9484739874179564,none,easy,0.0,0.0,0.0
57.72602641311153,54.800967344865576,86.96176827313263,89.3134451710556,54.78895807236453,51.03801675700313,0.9780801340151406,1.647392049108463,-0.806653195807117,1,0.8303485825906105,none,easy,0.0,0.0,0.0
60.68068870065644,46.89664520159474,88.59098809656638,90.4924917401234,50.77024038850886,49.78815794729164,0.019454051318417598,4.099301581597185,2.1726187586575643,1,0.8841473125137234,none,easy,0.0,0.0,0.0
61.906548061323925,61.55826428002389,82.40544587454966,76.84634931585468,51.94187864615084,49.52587884359564,-4.167769337919277,3.6295962331301848,-0.1944005916373195,1,0.9394332508580701,none,easy,0.0,0.0,0.0
27.019607816562527,79.79453493365578,86.25285150473631,94.78195036738401,53.346368375898415,68.93734842315425,1.5083322156148498,1.1506462985781134,-3.243279000440893,0,0.32455277595703375,head_tilted,easy,-1.9660621448044697,0.055003832192246804,6.789064684191015
59.01905927073767,56.644281966184394,80.09924770472506,87.4913554753556,49.642313939677436,46.78337802117672,-1.4811516565299354,2.0561530478429297,0.21550983910967147,1,0.8509497414673438,none,easy,0.0,0.0,0.0
61.667747150358664,65.6619707858098,88.29392140223041,91.07796246687501,44.73672839556501,30.863057670500538,1.0950589100498318,0.6843195433050333,2.9199303340570975,0,0.3828238637063105,core_unengaged,easy,-4.194897892549411,1.2387050703932658,-7.761308437304216
60.32310515590266,51.66421831411322,90.31338025080989,90.4492808145669,53.39421935263099,49.90402224799585,4.3099861971258395,-4.494926076171934,0.47304744114684283,1,0.8114473387033619,none,easy,0.0,0.0,0.0
59.00166786931301,51.46412637234565,91.6228376743707,89.36948015340143,52.76978023541138,54.289094207673934,3.2059178932414802,-1.077329584764529,-0.5244814489393814,1,0.9175253973230217,none,easy,0.0,0.0,0.0
57.2089573358409,59.08962764954037,89.59024107468453,95.4541133392776,46.13137410245202,57.69032718052735,-1.5280783243778808,2.9418234531718355,1.2521612503143817,1,0.851742189483127,none,easy,0.0,0.0,0.0
63.55001629518527,69.09005499473518,92.94890737767169,90.73458138318965,59.6418678290446,51.7477605081253,-2.8685788068606333,3.6717735445135222,4.558431471751637,1,0.949739695687831,none,easy,0.0,0.0,0.0
58.8541554559975,57.78720653072916,85.34446824628057,80.98277795106026,53.97797953922453,40.30527056345984,-1.5304104962241416,-0.6819290489222274,2.8177982592872635,0,0.3483894850368676,arms_too_high,easy,5.443040552316763,-6.590749768367159,-2.3096837258746694
61.777159620468744,66.83119494982866,95.36624700463,87.26595955213686,46.20246669296776,46.39407721574272,-2.391507540379111,-4.909129650487837,1.482975272988015,1,0.9009005848109671,none,easy,0.0,0.0,0.0
62.4649322925723,59.712411234972684,95.37671700978449,91.05334232601555,51.04767115131397,44.54187413920449,0.8310575727989802,2.180141781270015,-1.2795643218779262,1,0.9735959253461806,none,easy,0.0,0.0,0.0
26.08063459874795,46.46714339291751,84.28505391099914,98.194104143365,38.744584571872835,31.30603979098354,-3.2697613024883565,-2.332279363760761,-3.804691304529222,0,0.5349798380333848,head_tilted,easy,-3.5402063364626324,7.780243802219189,-6.787327747628986
66.18945934598814,50.963975667984585,91.27683085946722,113.9243017710798,51.832110711110715,72.75113432182667,1.0732441679306595,-4.114216603633559,1.7687227582757643,0,0.5933363073656905,head_tilted,easy,-5.16797447128474,3.6256422106486763,4.319693870834483
82.63696520106825,69.0840934894697,97.62912559850163,83.54536020068036,27.739150026134972,46.87297684189388,-2.7990993395272756,-2.4601524662374654,3.7769217882784822,0,0.4708579866686677,core_unengaged,easy,-7.619573910137179,-8.621442437307028,-0.32900298419261986
