leftHipAngle,rightHipAngle,leftElbowAngle,rightElbowAngle,leftKneeAngle,rightKneeAngle,velocityX,velocityY,velocityZ,pose_label,bonus_score,mistake_type,difficulty_level,correction_vector_1,correction_vector_2,correction_vector_3
84.44059941,91.59451092,171.3952065,175.0525764,42.09560933,42.37415096,-1.95757757,0.247564316,-0.680549814,1,0.836680902,none,hard,0,0,0
74.80753319,94.71370999,156.3796389,148.8154445,66.98473153,41.61335549,1.803075386,-0.49500748,-4.867350388,0,0.352984797,back_not_straight,hard,9.664617716,-0.664742135,7.198808135
79.86640192,95.59711806,173.8959632,164.4945112,50.65114097,46.86559457,-1.089393924,-3.177639122,2.553614103,1,0.834672931,none,hard,0,0,0
91.61499899,83.0329153,159.1083288,164.780518,45.86346853,46.62099384,0.704439744,0.2083426,4.611720243,1,0.865308154,none,hard,0,0,0
91.3174302,98.20885558,172.3040815,170.4296174,37.45021359,48.60751231,-3.347330609,-4.843635933,-0.765985193,1,0.859254701,none,hard,0,0,0
93.18152554,85.46639666,172.3802129,176.5183063,46.05793506,47.98522323,3.500385778,-0.505493259,-4.045898835,1,0.982991935,none,hard,0,0,0
96.06086171,96.16748402,162.1292236,173.1897647,34.77788489,50.34740443,3.489138243,2.217295212,-2.640150803,1,0.994342419,none,hard,0,0,0
87.74199213,75.51663492,172.2573362,168.2986812,84.50292331,29.62363667,-2.712018345,-4.230200902,-2.102485471,0,0.56302659,head_tilted,hard,-5.014155417,-1.792341539,5.111022771
103.7310318,94.93126664,162.0535969,177.6990115,46.45616324,59.52967486,1.476901205,-4.99479623,-1.474311437,0,0.248835182,arms_too_high,hard,-2.874043238,8.136568831,-4.557355012
90.6350612,83.75278139,179.7255781,169.2333177,40.46506387,40.91322922,-2.812357804,0.58102002,-0.961638289,1,0.833658208,none,hard,0,0,0
77.30974475,77.66265947,186.3009053,185.0748032,38.37350965,43.73752372,0.528930891,0.926967239,-4.191466737,0,0.453740538,knees_too_low,hard,3.614109031,0.618691666,-1.044336709
93.63916557,86.9046532,171.7807992,169.8905956,51.09025219,43.05270988,-3.49282456,0.081987767,1.958128068,1,0.959669025,none,hard,0,0,0
84.51623851,86.58849218,174.4375581,173.0274157,41.39851004,43.65033115,-1.024279789,0.177513505,3.377101059,1,0.988104653,none,hard,0,0,0
85.81209304,93.38593033,179.3615956,171.9818697,41.87191852,42.3876926,0.166358913,-2.391708252,4.962536998,1,0.996433669,none,hard,0,0,0
95.00242804,90.76210431,166.9930138,165.7669282,49.08076361,47.35853646,-0.954918729,3.877700988,3.509284488,1,0.971264858,none,hard,0,0,0
93.26524156,95.51343733,160.7509853,175.8431562,40.07309101,39.53029795,-0.51575857,4.944574626,-3.240747473,1,0.897122751,none,hard,0,0,0
70.04888902,89.62068562,190.1475232,158.9817853,30.60158052,61.57392328,4.788928583,-0.13257847,4.060987877,0,0.403525631,head_tilted,hard,2.726652364,-4.990763628,1.797416951
96.50172574,83.28238118,174.2506029,171.9716998,44.97652003,37.14594008,2.685540143,-4.563962282,4.945505108,1,0.91440084,none,hard,0,0,0
93.03487855,88.25549409,173.0306468,160.278852,46.68199382,45.25314905,-1.943029807,-3.090889688,-2.315251431,1,0.815069251,none,hard,0,0,0
83.29298251,81.8915269,164.2614001,176.9480141,40.72379741,39.86469121,3.486697949,-3.633786686,2.089109969,1,0.864510153,none,hard,0,0,0
86.66528313,81.54090872,173.2839867,162.8204959,39.08367189,47.47497827,-1.032161728,-4.49231469,3.86617149,1,0.814188183,none,hard,0,0,0
66.59164391,120.0052213,151.9980239,188.0207067,47.24750575,47.11361052,0.222432601,2.699935531,-2.841789725,0,0.214939275,knees_too_low,hard,6.452011213,-2.796187172,-7.458789747
101.9451798,99.21706879,176.8171775,174.1438299,45.07571639,47.21037008,2.951861948,-2.291677487,-0.610285793,1,0.864591295,none,hard,0,0,0
97.57480918,102.9863279,151.9955539,164.9824815,37.87582033,35.20006151,0.166962574,1.571113285,-0.643271013,0,0.237549316,core_unengaged,hard,-6.342680058,8.692279947,2.765411877
90.43282907,87.03558634,166.5999783,168.6829708,43.59672562,41.9801204,-3.246697301,-4.828388982,2.63364423,1,0.995902106,none,hard,0,0,0
87.59375933,79.53102998,167.8997627,170.6960206,45.00906806,48.77967641,1.839637694,1.158511644,4.438916046,1,0.90787549,none,hard,0,0,0
91.72034066,94.63116271,173.0391927,175.162564,39.82798822,46.02141471,3.206394757,1.259396701,3.204268438,1,0.962240835,none,hard,0,0,0
86.65512586,85.65957887,167.2748119,163.6630885,45.55149789,42.84987307,1.557226354,-1.14603379,1.81613669,1,0.867310843,none,hard,0,0,0
89.85789271,81.41787777,164.785193,176.6323583,47.24324337,44.60634158,-0.765290577,0.685202837,0.759245753,1,0.909594377,none,hard,0,0,0
88.16118609,87.26138259,175.2183782,171.1448927,37.32967441,46.81534802,2.399087604,-2.617638476,-1.222711138,1,0.935968956,none,hard,0,0,0
77.71703427,89.61733969,167.0517357,168.5084939,42.94354705,49.92011772,1.767699044,-0.174790504,-0.069743422,1,0.991360177,none,hard,0,0,0
93.02861163,77.92894972,148.3902089,174.0397648,72.20499864,51.06874343,-0.73908525,-2.774235824,-1.03348398,0,0.475212004,head_tilted,hard,6.739277485,7.337374106,6.769615275
90.22175279,84.11936261,172.2275345,162.6912167,46.44941406,44.06387522,-1.497817533,2.081811956,-0.18333012,1,0.918377748,none,hard,0,0,0
84.90329266,94.15979093,166.378331,160.6211068,42.12899276,37.54012837,2.409738609,2.671948531,3.227903519,1,0.914294605,none,hard,0,0,0
84.47889106,93.80785921,167.2537091,157.7040332,45.28706474,40.77946134,3.02109249,4.779006688,0.560050386,1,0.887267166,none,hard,0,0,0
89.15964605,91.42587662,167.6404013,171.0860324,42.64061238,42.21909427,4.95831375,1.969250559,-1.157981686,1,0.858898789,none,hard,0,0,0
89.28358371,86.99697659,168.4591102,166.3128527,47.31362157,39.79574923,-2.706052543,-2.34062075,-1.396549048,1,0.877653677,none,hard,0,0,0
82.57659859,89.25780671,160.3201669,145.9908349,22.28137734,55.19489504,1.134151959,-0.817569637,4.327284834,0,0.564370874,shoulders_uneven,hard,6.450744858,8.995998266,4.514390168
95.8972006,87.65412174,161.4343274,176.7693619,44.42730077,51.18908156,-2.265929281,-4.436245033,3.647223763,1,0.8829639,none,hard,0,0,0
97.58116661,91.56229241,168.4348815,162.0043826,38.15704942,47.67745905,1.181282405,-1.41837282,-3.864424078,1,0.934340137,none,hard,0,0,0
97.75575988,90.57837317,175.8964859,170.3375924,55.30373962,53.77670421,-0.965171338,-3.659847715,-4.712173237,1,0.975330721,none,hard,0,0,0
97.44522587,94.38912584,167.8317484,168.2884568,36.34563448,52.22169396,4.041586945,-1.51744533,0.139894892,1,0.887494984,none,hard,0,0,0
98.14307773,83.09949271,161.4830878,169.7222615,46.92032724,44.83652626,-1.712483897,1.334008543,-2.598543812,1,0.898523619,none,hard,0,0,0
73.48122143,97.31509912,181.2105205,165.6396154,75.82638913,40.20959989,-1.523807855,-4.681953185,0.487153092,0,0.440774158,arms_too_high,hard,-5.523018682,6.435812737,-3.098347444
93.93016978,88.56429951,168.1266934,165.9066151,41.87380908,43.63195128,1.877847171,0.116570135,-3.430223173,1,0.896229079,none,hard,0,0,0
90.90753489,86.12384103,170.1187574,171.5781799,44.82401531,45.28279475,0.31265754,2.205160614,-4.376586375,1,0.951991082,none,hard,0,0,0
96.00328456,78.23232159,177.0774049,179.7659759,27.45347349,20.11362617,-4.107956713,0.35335564,-2.667835885,0,0.494962082,knees_too_low,hard,-6.35432243,1.27930184,6.814199718
79.11659305,88.04482999,168.5094737,180.8642115,52.81406783,47.7782012,0.865354347,0.644585425,-1.21227374,1,0.911548453,none,hard,0,0,0
91.12998637,94.19873719,169.9438628,161.8100298,47.48289079,44.02874306,-2.746672023,-1.346431803,-0.121901992,1,0.801506873,none,hard,0,0,0
90.86983165,94.53935974,169.9560472,172.257056,49.0792581,47.83377963,0.35036732,-0.233805159,3.385825587,1,0.943691454,none,hard,0,0,0
54.6087301,32.77823808,117.704705,93.98932904,56.79791045,62.07761944,-1.633957218,-3.655853231,-4.366250295,0,0.261745086,core_unengaged,easy,-0.377197963,0.651788651,-8.963529264
50.03146405,42.11554065,94.17846056,84.35146573,62.64902089,67.2078431,-0.881590859,-1.511317335,4.295291442,1,0.894315238,none,easy,0,0,0
45.84864642,45.4469696,92.4402204,97.90067048,59.4007454,60.5686473,-2.9837268,-3.363440571,-3.357342021,1,0.959053462,none,easy,0,0,0
46.44887428,55.37700399,94.35562352,88.36988234,66.00606961,57.95962313,-1.230555706,-0.373202143,-1.986221258,1,0.887826982,none,easy,0,0,0
37.09874032,45.08026709,88.80410667,94.11552488,64.4620541,60.47810223,-3.831019593,4.398321236,1.277080531,1,0.924847599,none,easy,0,0,0
46.69248204,42.92356043,93.16390933,101.3534643,60.90933128,61.24110293,-1.882779322,-2.515108602,2.439462926,1,0.830334976,none,easy,0,0,0
67.64656969,51.0305172,84.78709899,102.4370803,79.30462446,53.33043663,0.984427012,0.655083473,2.161790747,0,0.394542993,shoulders_uneven,easy,-1.820896458,5.437639612,-9.755938554
39.11107229,41.59869206,81.60270359,86.97468462,63.80959493,61.06327881,-3.99205397,-2.439844681,2.260955861,1,0.827823239,none,easy,0,0,0
51.02485324,48.36212509,86.85064177,89.08265423,58.35363146,57.64859277,-3.136791205,3.37490789,-1.678535873,1,0.833104102,none,easy,0,0,0
47.68882979,38.20644243,96.98582214,86.54800358,63.08107908,56.84793688,-3.857326999,-0.854954158,3.635181406,1,0.920744306,none,easy,0,0,0
37.22125012,31.07682178,90.80676613,93.87736286,62.35844053,52.35117848,-4.661208398,-1.885268289,2.804957075,1,0.833102663,none,easy,0,0,0
34.91298226,35.17335349,96.68098237,90.21317833,94.1497744,35.56046084,-4.329235226,2.499604704,-2.900944069,0,0.234139867,core_unengaged,easy,9.937485037,0.043900207,1.907700346
42.13168997,42.26570529,89.83623365,87.28287614,56.43577109,60.53215114,-0.467111653,0.243902693,-0.592372531,1,0.955105523,none,easy,0,0,0
39.11235817,46.01850899,91.44921132,88.72589366,59.25061017,62.6388238,1.439995432,-0.912658289,-4.746136443,1,0.854148935,none,easy,0,0,0
59.0351759,64.07332642,100.825081,73.06422343,52.13219601,67.34061842,1.031974022,3.06850149,4.626493186,0,0.422688634,knees_too_low,easy,4.416261926,6.106299347,9.774575639
43.62095217,39.71234374,86.98281873,88.71438864,66.81576551,63.84959779,-3.772231103,3.764440759,1.429255636,1,0.969625619,none,easy,0,0,0
46.13630705,48.73990217,95.02551081,87.46281357,58.35334501,59.51586981,-1.548078551,2.738345232,-1.372421053,1,0.966130901,none,easy,0,0,0
43.22483836,46.28736617,91.42236295,90.19275758,53.32855992,59.3927668,0.124576559,2.416869442,1.988458532,1,0.896955673,none,easy,0,0,0
48.08694905,38.99915002,84.77752627,88.8880264,61.48653489,63.11399916,3.225838759,0.296616787,3.150544284,1,0.936636771,none,easy,0,0,0
44.25651788,41.60379042,99.05475133,89.8957562,55.50600046,55.45183051,-2.492693394,1.330980634,-0.057261499,1,0.946436916,none,easy,0,0,0
43.38367355,50.71532951,87.9064758,97.27463904,61.85796915,59.4080105,-4.096630394,2.709859255,-4.317502946,1,0.836874184,none,easy,0,0,0
49.12207694,44.37693109,93.74017363,97.50485815,59.36152075,62.77572644,-3.649987226,-0.162450581,-2.300887776,1,0.990817387,none,easy,0,0,0
46.41779035,43.59691992,91.87292555,84.75585833,49.40321316,58.24567347,-0.872064494,2.049255497,0.982860583,1,0.870308032,none,easy,0,0,0
49.92861358,42.02767726,91.08753953,99.72935642,63.4581034,66.43074228,2.241033293,1.372315798,4.805768002,1,0.951807169,none,easy,0,0,0
51.77422586,50.14321315,90.72468707,88.08758491,60.51738883,57.32796657,0.558065814,-0.267898819,-1.871451435,1,0.9998707,none,easy,0,0,0
32.7110341,54.23563124,87.05996053,75.54288735,69.85325049,71.87473722,0.962698785,-2.699911627,-3.794331142,0,0.537819759,head_tilted,easy,-3.617990535,6.578309483,-9.259847306
29.36272689,64.16890244,86.0845912,92.02477081,66.18855595,31.05473106,3.766653779,-0.82493916,-0.380571494,0,0.46466207,shoulders_uneven,easy,4.757115338,0.403362198,-1.463658867
48.20451925,44.14043314,89.8786136,87.22388,51.97295504,62.83926737,-4.083006649,-1.636295362,0.225191916,1,0.879657477,none,easy,0,0,0
44.95567989,44.32663623,93.9308746,87.73835917,63.33603047,68.0698491,4.103391021,-4.548993228,-3.905324013,1,0.855453129,none,easy,0,0,0
41.75724072,49.00928666,91.37002893,90.25153261,61.21747869,64.64048888,4.891849098,2.433528229,-4.350135905,1,0.980744793,none,easy,0,0,0
42.6181115,47.98653021,89.35894237,87.49430016,62.34281747,62.54094889,-2.83675977,0.182603667,0.972740724,1,0.925955585,none,easy,0,0,0
45.54334416,36.4561618,90.84826445,89.98493698,59.56445578,64.7270495,2.478716041,-4.651348398,3.949214412,1,0.924587477,none,easy,0,0,0
33.77166401,40.60814406,89.09504631,81.19068129,59.65488743,59.06210668,2.352126545,-2.186090394,-2.47350906,1,0.986317898,none,easy,0,0,0
41.46814917,46.53193381,98.26601618,90.58316412,60.64907542,75.45710131,-2.329717298,3.786299864,2.974260216,0,0.529872386,back_not_straight,easy,-3.043815842,3.560323051,1.31463928
49.10241091,47.53637016,95.33337345,95.84647795,66.91079496,63.24354944,3.808707592,3.718435277,-4.70752717,1,0.831721021,none,easy,0,0,0
43.14838316,40.83220506,86.55229839,92.47477759,62.09126277,62.00206015,-4.936141283,-2.129618668,1.169269184,1,0.901493547,none,easy,0,0,0
38.2007193,48.73126783,93.22742091,100.8162736,58.46110883,61.09575164,0.412665787,4.629920039,-1.58127834,1,0.952205581,none,easy,0,0,0
45.87772915,47.04256174,89.06813803,87.97667088,58.18521361,60.87319635,-1.54116943,1.209155178,-4.542579662,1,0.916434092,none,easy,0,0,0
42.20539076,46.88605938,97.82762015,89.67124869,57.22400237,69.40578535,4.971245002,-0.738186978,-0.486129757,1,0.854725333,none,easy,0,0,0
54.72954502,59.80963349,106.8277978,109.6581574,56.66380832,42.79562057,-0.577012376,-1.880480095,-1.792572596,0,0.563809804,shoulders_uneven,easy,7.147201842,9.290409445,5.201881569
41.09849173,48.20094912,92.01384146,93.44931625,54.1838973,72.82028975,-3.407542617,-2.962987507,-4.088355096,1,0.908646561,none,easy,0,0,0
69.39779208,7.780575202,97.7075279,86.14784537,84.57169124,82.5155826,0.819714019,-2.310065956,2.975591006,0,0.372122358,head_tilted,easy,-5.989505466,-0.168109065,-8.715821258
43.6155058,44.87305477,89.13482561,86.55920155,72.36139731,57.52066911,1.949818861,3.601223972,2.798509889,1,0.858332516,none,easy,0,0,0
30.49535785,44.28432966,89.94596191,72.62452966,82.55097453,73.16043436,3.825334858,-4.174914656,3.245140469,0,0.510321894,arms_too_high,easy,8.824750085,-8.551674557,0.68484412
48.16058051,40.10616676,91.75945534,90.66390349,68.50848104,66.915725,-2.011641137,4.352018153,4.473504626,1,0.922588835,none,easy,0,0,0
47.59033472,51.53993319,100.5787786,88.97372685,70.77942454,65.86119623,-0.190961686,-4.592458939,-3.36000519,1,0.956766511,none,easy,0,0,0
48.25140787,52.83676501,88.50848253,100.8182825,52.21208607,65.27181774,2.442790656,3.71832779,-0.66344666,1,0.894036519,none,easy,0,0,0
25.33168485,62.97667429,82.65450788,136.4107352,57.36598049,48.60571738,3.682725054,2.271690698,2.427065212,0,0.228879364,shoulders_uneven,easy,-9.386949956,-4.84634223,-0.747540865
38.87117168,37.6781256,91.12225909,95.23549151,68.41963846,57.70557869,3.734232381,4.00701864,-0.782790731,1,0.897333788,none,easy,0,0,0
57.00747363,47.68911907,97.99289839,71.19287649,80.65205239,71.65524144,-1.271513628,0.126152052,-0.869688254,0,0.510400083,back_not_straight,easy,-1.893796338,2.037107673,2.650810665
86.59198526,37.90741787,114.151012,65.31335206,107.1753808,63.27089633,-4.909695959,0.884126333,0.987139801,0,0.460849298,core_unengaged,medium,-3.757038866,-2.019081077,7.159725078
96.16523381,36.19925364,89.24790073,94.97774293,77.04348392,40.23907389,-3.542434318,-0.505661648,0.878843711,1,0.93387808,none,medium,0,0,0
96.28990129,33.47672302,97.02271687,81.97228297,82.51907848,39.23060378,2.053855941,-0.536313535,3.642161777,1,0.956358066,none,medium,0,0,0
97.41775529,40.22121927,83.81329177,93.14624486,80.95468875,45.52718384,-1.026210115,-0.201029184,1.85967736,1,0.937641573,none,medium,0,0,0
76.8330326,47.55143624,58.17666088,94.39490291,64.01654413,51.37708662,4.699120461,-4.060992842,1.726021182,0,0.323171977,core_unengaged,medium,4.093615255,-5.962930958,3.468648666
99.046588,41.08716437,94.35033865,92.47840944,80.75209453,51.82480501,1.178472402,3.689049845,0.706097466,1,0.899434953,none,medium,0,0,0
102.9634899,46.73842652,73.85009238,100.0261194,63.65610353,74.46688778,-1.818884464,3.664386675,4.933369374,0,0.430874095,shoulders_uneven,medium,-3.028526655,-6.814251095,2.099078454
98.69016782,37.46160109,91.51199422,86.07323429,84.50737315,49.30568706,-1.828042832,3.689006255,-1.243277481,1,0.975578232,none,medium,0,0,0
79.89207095,57.46651969,110.0717282,113.7956082,49.70666677,66.07101366,-4.268040762,1.034485934,1.682127986,0,0.379477449,shoulders_uneven,medium,-5.249117383,-2.534964167,-5.454607455
88.75452136,36.58503835,90.29571061,95.63058513,77.72877862,49.90032302,-1.198043812,-1.011772191,0.801723692,1,0.868249566,none,medium,0,0,0
106.9213641,42.8195456,92.97377171,94.26707779,83.79464295,51.40595712,4.270345448,-4.397326097,4.344360268,1,0.848696459,none,medium,0,0,0
99.83156737,35.24825908,85.64713692,85.07863812,84.85450366,46.91276694,-1.886923008,1.103337833,2.161506742,1,0.907832255,none,medium,0,0,0
85.2626891,36.63050275,98.25078149,75.47483318,81.58063259,29.98961758,3.059925498,0.502265422,-4.565874671,0,0.426924888,knees_too_low,medium,-4.868744326,9.258537505,-0.329087066
100.6114875,42.71649015,90.24430035,90.20295846,76.49004156,46.68549541,-0.889715302,3.398613029,4.000231234,1,0.922196198,none,medium,0,0,0
103.7358261,36.49584161,94.01450809,87.19775924,89.09786523,45.85903009,1.238593247,-0.482323213,0.866084632,1,0.819107063,none,medium,0,0,0
109.5066532,46.20698646,87.22068512,88.0526895,80.65717208,47.79496998,-4.415453859,-3.582256065,-2.25459746,0,0.282474466,head_tilted,medium,2.759215866,-4.862323047,2.64030972
96.9109366,49.48247192,98.54273185,87.93737674,81.94980293,56.02034009,4.055247923,2.726227274,-2.351045528,1,0.867445427,none,medium,0,0,0
91.84249589,47.90477147,82.8141662,83.88881101,74.8878231,60.39972962,1.696026161,-4.300683943,1.401682238,1,0.966372623,none,medium,0,0,0
125.344555,53.05864324,86.30236961,66.92946438,57.50618816,30.05535047,4.576252845,-3.246970576,1.900048908,0,0.492260204,back_not_straight,medium,-0.695887754,-8.797153148,1.245936318
86.27561398,41.21915264,113.7519754,85.39829411,99.71014212,31.78184765,-4.799736441,2.37180225,2.685998048,0,0.389954617,head_tilted,medium,-2.349474395,-7.60341996,9.483292573
90.27006119,44.10064522,102.1994486,79.70521387,84.47078315,65.02891323,-2.368874301,-1.398635925,-4.123572532,0,0.512811235,head_tilted,medium,4.174893955,-9.27679239,-3.937432881
90.81897313,42.53995663,84.48316697,79.23554704,81.94289302,62.46499759,-0.030365171,4.921580148,3.514249577,1,0.983878395,none,medium,0,0,0
93.42119191,57.49454121,98.52661509,98.9939117,72.3931541,46.45467894,0.730414289,4.327307405,0.751633505,0,0.20915753,shoulders_uneven,medium,-6.924177007,-5.52771131,9.146457758
104.5618731,32.0114404,87.41871992,94.65888049,76.00230539,51.75773979,0.061075548,-2.674486416,-4.200346056,1,0.895646805,none,medium,0,0,0
101.2093335,35.15238055,93.62883412,87.70521557,71.71783567,56.28218171,0.644410907,-3.082175444,-2.882446493,1,0.877292168,none,medium,0,0,0
103.2295891,46.87154757,87.00753192,81.29509071,76.45436808,54.27230313,1.916180556,1.180516743,1.33189626,1,0.835553278,none,medium,0,0,0
89.00869555,29.47492135,97.35954332,74.58145851,87.05903901,60.95170035,-0.858702475,3.275378956,2.336143806,0,0.554641686,shoulders_uneven,medium,-1.004307024,-6.107549764,-2.644812982
99.85054763,39.12843147,88.04217597,89.92403436,84.31550113,46.01779909,0.353101315,-2.84798128,-4.878792254,1,0.827421941,none,medium,0,0,0
99.77035226,48.68937249,91.79370553,75.40396589,97.94857252,47.6220564,-0.239818706,-1.241117149,-1.055237214,0,0.395296455,shoulders_uneven,medium,-6.999026706,-3.506481462,4.747141548
101.4244495,41.03546931,95.71163227,84.39588817,72.00431757,47.96638458,-4.61573651,4.017619921,-0.385225354,1,0.968174316,none,medium,0,0,0
103.7104769,41.4964629,96.50870645,97.80755598,80.16002075,46.23291065,2.374337687,0.122219208,1.802277792,1,0.8300338,none,medium,0,0,0
103.5544212,33.17769526,77.962609,109.4821699,65.28623836,30.08122892,1.603027197,2.643726622,-2.349535717,0,0.464548244,back_not_straight,medium,-6.296088643,-6.517813293,-8.032087006
114.9407153,28.64807367,68.67284,112.5200048,75.15980242,46.23750475,3.958145974,-1.777844966,-3.747664296,0,0.30428532,core_unengaged,medium,-8.614913874,9.196530362,-0.434894108
99.81611847,34.92393298,90.20493395,94.14736965,74.63185497,51.82136703,-3.891920378,0.985315757,-4.04988301,1,0.808747125,none,medium,0,0,0
89.17177386,44.87131111,87.44274722,86.19799963,81.05285017,52.56249776,-4.8728511,4.924154005,1.714549349,1,0.899209568,none,medium,0,0,0
98.25010936,42.74737396,100.6447328,93.44339012,81.86247855,57.99561168,-4.46141793,-1.799401675,2.531873359,1,0.83611892,none,medium,0,0,0
125.9483673,44.50288244,94.83736074,79.76504055,62.05854152,49.40391643,-2.024515487,0.650219929,1.888853021,0,0.493120618,head_tilted,medium,0.84474411,1.806953809,0.167210938
106.4487638,43.36590676,89.30772008,83.87850882,78.95488371,45.74739773,-2.959643654,0.550849493,2.33071296,1,0.960014194,none,medium,0,0,0
97.42679225,34.44888307,91.38991532,97.27405322,72.75071717,44.46845909,-1.943957845,3.766507618,4.963343376,1,0.82977761,none,medium,0,0,0
108.6348193,38.00181907,91.12342363,94.66295416,72.90817134,41.19595594,-4.967817364,1.195893375,-1.445069896,1,0.939123629,none,medium,0,0,0
100.9055826,35.82118932,101.0712576,88.51991386,80.63224511,46.56031306,0.606600944,1.034876666,1.764679372,1,0.912296918,none,medium,0,0,0
103.8918054,37.24407142,85.90900558,89.98312771,79.14907689,47.73385975,2.076809347,2.886149647,0.172690564,1,0.956979395,none,medium,0,0,0
97.84102106,35.56978773,85.78369698,89.32378552,82.4002979,43.17268989,4.983475114,4.331133313,1.425651995,1,0.947132623,none,medium,0,0,0
106.1051685,42.91048852,88.86757951,85.20280382,78.13896612,55.4437431,0.877693609,-3.155237469,-1.377645583,1,0.914374454,none,medium,0,0,0
97.36111568,43.85719496,80.52017579,90.85149181,85.16481974,49.02527396,-3.138985822,3.026433098,-0.418131133,1,0.968386713,none,medium,0,0,0
99.86242547,48.86125798,98.30629607,87.71451872,76.9889397,52.34387128,-3.646459177,2.51375086,1.569551563,1,0.92204503,none,medium,0,0,0
95.11812364,35.5377208,91.77511227,88.89443452,75.79859285,45.38584905,-0.502601575,2.76710557,-4.346338424,1,0.951879652,none,medium,0,0,0
87.8787987,44.42022698,93.68421949,88.59336221,80.33495359,52.57969609,-4.477421207,-0.812066809,-2.39842209,1,0.987364492,none,medium,0,0,0
94.44800241,42.83527759,83.33421345,102.073955,80.3999669,51.73953058,-3.859042151,-3.487531713,-2.7468307,1,0.869901274,none,medium,0,0,0
103.008538,57.22956024,74.76267272,90.92519775,86.4322475,60.39658411,3.469187281,-0.71369453,-3.590403725,0,0.516679995,knees_too_low,medium,0.976773134,2.258003217,-5.477058968
88.99574261,89.29152162,129.3841089,135.5963147,65.78690039,75.01525655,-3.88064073,-1.440266262,4.78061818,1,0.957394027,none,easy,0,0,0
79.33433482,89.81733325,130.6422587,135.329305,73.97719126,74.0447645,-3.737462172,1.596293664,-3.383801887,1,0.803589136,none,easy,0,0,0
91.29109297,99.58174619,135.5084845,153.8206623,56.68362992,71.72303565,1.567801047,3.221031606,-1.195799925,0,0.563688082,back_not_straight,easy,0.774035959,-0.043749839,-7.890526001
80.84615776,91.00325902,131.8128541,136.8421098,75.94072867,72.68371812,4.150900684,0.330288672,-3.420451772,1,0.879194095,none,easy,0,0,0
86.78225084,95.14980409,128.3261233,127.9817577,65.2243871,72.11799533,1.152980251,-4.16535915,3.824163684,1,0.888064684,none,easy,0,0,0
92.60647645,90.02905279,131.3252802,129.7748659,75.74366741,77.16171016,3.819277583,-0.725103121,-3.377665942,1,0.833190979,none,easy,0,0,0
107.8107908,128.8434546,138.6944976,134.8869447,72.91576452,64.70250561,2.595824101,4.880655667,4.012960108,0,0.334736201,shoulders_uneven,easy,-4.070204374,8.364159992,-7.785031094
84.45177248,85.80087376,130.6709259,130.5639393,61.88021396,70.80781507,-4.128205322,2.190774474,-0.798812722,1,0.822588642,none,easy,0,0,0
86.07982063,93.04319415,124.2893468,140.0743928,77.91248182,72.56747738,3.437373264,-2.460251254,-4.688844001,1,0.961239176,none,easy,0,0,0
88.41213401,86.62269278,132.3477958,124.967195,68.87872421,67.02911626,-2.844701312,-1.396221801,-4.314945934,1,0.973277303,none,easy,0,0,0
97.28977617,87.42167983,129.0063048,131.5007779,71.41103821,73.73280048,-4.998116004,-3.309189296,-1.102406126,1,0.974845345,none,easy,0,0,0
87.13851474,83.39496752,128.8086077,124.93131,69.51138473,77.05854688,-0.785559584,-4.728249839,4.662434107,1,0.803600018,none,easy,0,0,0
98.11303834,103.2712658,145.048198,160.8527833,78.54039169,103.5171835,-4.034655298,-2.581061717,-4.875959637,0,0.549101536,back_not_straight,easy,-7.748392192,4.073719549,0.813969533
93.99970951,81.91844696,124.7315879,124.6609854,74.75153796,78.55306686,-3.146698205,-4.210308378,-2.604898301,1,0.9784605,none,easy,0,0,0
90.41561233,87.66448297,126.3310601,130.180317,71.73765188,75.81754384,-4.061427152,4.096268194,1.692002629,1,0.822986599,none,easy,0,0,0
90.94790808,95.00523046,116.4838385,133.3893766,66.72962158,60.84683552,1.01923431,3.9252329,-0.566199856,1,0.954775931,none,easy,0,0,0
96.10900276,98.74790653,124.9279056,133.9143512,65.17251007,70.15080786,-0.123329314,1.522242595,4.505310526,1,0.876902266,none,easy,0,0,0
90.21801223,98.4752552,126.8867532,130.9730373,66.28764707,63.39988744,-4.543512545,-3.599759024,-2.231856922,1,0.894498671,none,easy,0,0,0
88.89902686,79.66072637,132.2601667,123.7996985,65.52833688,66.65294903,-4.944942008,-4.923359674,-2.809311909,1,0.903314526,none,easy,0,0,0
85.36186384,78.71765392,134.7876177,150.1067567,41.87241296,71.72539119,0.315994646,3.798626774,0.747795543,0,0.311128829,core_unengaged,easy,6.333643509,-4.308753965,6.364133375
85.59691737,91.69701357,141.371593,128.691766,64.45646721,53.14725693,-1.906272821,3.237903842,4.550605115,0,0.36440843,back_not_straight,easy,8.152220051,4.280652889,2.158104282
90.72433832,86.92613567,126.4585577,131.7140758,65.83853058,58.9542419,-3.789749995,-0.810522098,2.511780478,1,0.873810604,none,easy,0,0,0
86.62716027,80.24996129,132.5298201,136.6291097,53.64401384,91.1639857,-3.456784347,-3.281515187,1.378770927,0,0.439476961,back_not_straight,easy,0.043072199,-7.222573472,-7.685247866
96.4104946,90.58434691,131.5847131,139.5046781,65.8202296,69.48561478,4.101346368,3.080226299,-2.83948635,1,0.87987375,none,easy,0,0,0
95.23971031,88.32302139,126.3068459,129.1597247,75.59007827,70.657292,-2.737208918,-1.157603799,-0.498766388,1,0.918057109,none,easy,0,0,0
88.20488718,91.16064256,128.6378615,129.6254458,72.88419084,58.04139171,-3.34371653,1.457405101,-4.552215495,1,0.902336277,none,easy,0,0,0
89.22767241,92.15286336,118.2523585,131.672496,72.18212565,76.63171099,3.471394897,0.310853449,3.417233617,1,0.820251983,none,easy,0,0,0
85.30911312,90.70930528,124.4262615,130.4883793,69.42856022,69.21351287,-0.858497757,-1.04565732,-1.867937389,1,0.985127466,none,easy,0,0,0
73.55815463,89.46006882,123.7943625,146.0634285,62.87839532,35.69923078,4.611354854,-1.105181051,-1.144880953,0,0.441177151,core_unengaged,easy,6.534147195,9.680263264,-4.231891244
84.03037497,90.71471547,138.662575,141.1565007,73.19025551,72.50422237,-1.976667506,-2.406651027,-3.053761633,1,0.88808827,none,easy,0,0,0
71.0781775,77.0244116,130.9167341,137.4092781,84.42132528,42.6291393,4.938483889,3.803147621,1.234059582,0,0.3776175,shoulders_uneven,easy,2.524686428,-0.222043364,-1.964423987
83.85225203,92.48349612,127.6734477,129.4702582,83.22171674,62.48514836,4.640288472,4.094546109,2.221432355,1,0.845549947,none,easy,0,0,0
88.19118466,91.40060694,126.6725729,134.3658472,69.37691102,64.13704196,-0.16592564,3.635475225,0.887315221,1,0.996197476,none,easy,0,0,0
85.4713385,86.73116831,127.0216935,136.8721905,59.32162893,85.68874267,3.655771456,4.807393436,-0.924157914,1,0.915455806,none,easy,0,0,0
92.07349264,97.45959823,135.8290301,128.9777251,69.32372837,75.0178328,1.265925111,4.263826067,-4.808839056,1,0.902086498,none,easy,0,0,0
95.6205636,94.73763231,126.1356117,132.0352614,65.14171633,63.10190918,-2.212401276,-2.892950361,4.57448019,1,0.960887442,none,easy,0,0,0
81.96579992,102.8492566,137.7256401,140.7348737,76.32069717,61.09239757,-3.955958703,-1.008998119,2.231494865,0,0.528770654,shoulders_uneven,easy,6.183663423,7.68848551,4.000685455
97.05483466,62.16243344,146.4513014,158.2065272,59.26124724,75.04240069,-0.971267174,-2.04709506,-2.676156769,0,0.517806218,arms_too_high,easy,4.141729545,-8.995479771,-8.541963293
102.4421226,87.09260792,126.0322774,99.94206453,79.53127045,51.41112408,-3.121571475,2.197914534,3.669334684,0,0.213467671,shoulders_uneven,easy,-5.707438535,-1.677571439,5.192228574
91.09615834,96.44634931,132.126512,141.0936984,62.17543315,68.91403325,-2.100298811,0.63288931,-3.80046307,1,0.860638812,none,easy,0,0,0
86.52265384,97.7854927,132.7810879,134.0611989,66.715447,62.30815001,-3.109604753,2.830166373,2.150387189,1,0.82054965,none,easy,0,0,0
90.94855864,94.50805457,119.6328956,127.8547404,70.92450408,64.73517461,0.718091636,4.071998216,4.429838168,1,0.973309596,none,easy,0,0,0
93.01643017,89.1518294,126.2539652,131.7086446,70.39174334,67.22564144,3.442487024,1.758477465,-3.608841511,1,0.986034193,none,easy,0,0,0
87.47240054,92.99231913,120.1258984,124.0936403,75.96552656,72.36626172,-1.399495341,4.567998155,0.004011457,0,0.242145969,knees_too_low,easy,5.636477267,2.88298443,-9.036279752
82.79258969,88.95273717,122.9771787,122.9175118,76.17560911,68.3995401,-2.880059453,1.573534822,-0.277181958,1,0.9700696,none,easy,0,0,0
93.35240309,84.64071383,122.2312062,134.0894483,71.88204763,65.48974223,-1.843726562,1.44832604,-1.048690924,1,0.947719492,none,easy,0,0,0
90.96146489,89.25888561,125.6075858,122.9373212,61.28075942,70.59509203,-4.853066113,-1.209059513,-1.626544532,1,0.967096045,none,easy,0,0,0
86.57100127,75.08475938,91.56499512,127.1345836,106.1892313,81.76906432,-1.881361421,2.739913782,2.729214819,0,0.385638064,shoulders_uneven,easy,9.269984818,0.380645603,3.550845349
88.81152438,90.96117382,134.9042672,126.2888524,59.19219833,71.27786827,-4.986463743,-2.001994724,1.464587416,1,0.874347859,none,easy,0,0,0
90.86670832,91.21976599,128.8839887,137.4493172,61.99548011,65.85751488,-2.717646365,-2.53396365,-0.159229303,1,0.813138972,none,easy,0,0,0
66.5247817,69.79415262,102.6854542,100.2581319,58.97136205,56.74991666,-3.041669159,-3.591970511,1.224136416,1,0.845076254,none,medium,0,0,0
64.44271022,71.23252389,102.4911087,105.7007452,67.90270343,54.92452904,-1.548077915,4.174858431,-2.094954943,1,0.851980996,none,medium,0,0,0
71.650325,73.09963166,94.55459942,99.22089263,60.18930958,62.92286314,0.006035712,1.796203327,-4.23760782,1,0.848378659,none,medium,0,0,0
67.29412477,90.59272712,66.82207133,123.0015055,38.64064271,56.00021506,-1.081417036,1.591137645,-3.91106686,0,0.469739592,back_not_straight,medium,-7.260018739,9.899627387,0.544653215
57.04727013,69.75517405,100.1551147,103.1176105,58.91229626,52.55499822,-3.239045287,-2.860429613,-4.869704322,1,0.983877481,none,medium,0,0,0
78.02712153,81.39081909,120.4181517,85.0750016,67.88966338,58.17444068,-2.526596842,1.406151835,1.66600479,0,0.502924083,arms_too_high,medium,-6.766571275,-0.461997871,4.366623507
92.26174043,75.33420023,95.30412954,99.98937108,41.24388399,69.0677299,-2.541925607,-0.972356015,3.946427976,0,0.27115525,head_tilted,medium,0.293672342,6.165508791,-4.923578437
122.4381668,48.04891062,133.8512709,95.38864833,58.73155501,49.91582592,-1.414215385,1.566310737,-2.596010871,0,0.342848464,arms_too_high,medium,5.750981717,-4.979972335,1.281480577
47.10593505,70.48863366,103.208558,97.15879494,36.89628552,89.75079352,-0.698971235,4.037575718,3.458495505,0,0.371000733,back_not_straight,medium,-3.473231381,6.793193114,-7.123712994
73.30997784,72.69488988,100.5625786,104.9157611,56.71845304,56.03652859,0.938024808,-4.671903759,1.360424688,1,0.859138935,none,medium,0,0,0
73.38579856,68.17318505,95.48328257,99.55387274,64.4971752,63.72292014,3.247878563,0.156594059,-0.367063467,1,0.870520521,none,medium,0,0,0
75.52725405,67.30734306,114.2953622,66.88654412,96.33608308,72.8666191,-1.958012804,-1.960574877,-2.695833379,0,0.409004072,head_tilted,medium,-8.9073116,9.461563259,-5.477493375
80.19059924,52.76808947,109.9946875,106.9388694,34.11289907,49.83653021,-1.630352743,4.995439187,-0.942488314,0,0.5272107,core_unengaged,medium,-4.943727878,-4.571228447,-7.492870484
73.80791814,93.53401744,94.69756831,84.42746279,82.46053456,52.43171344,-0.181325207,-1.382897451,4.492086269,0,0.307607859,back_not_straight,medium,0.351926026,-4.623065151,2.568680948
70.8600785,64.70343689,103.5653059,104.8006925,53.97118936,59.09496931,-4.017650078,3.035181084,-3.779695057,1,0.836039151,none,medium,0,0,0
63.73330304,84.13357227,94.47662087,93.10403903,45.86901148,66.81020703,-0.037412471,-1.194822901,-3.369646631,0,0.480467945,knees_too_low,medium,4.541135232,1.241455888,8.941813342
66.43752904,77.22210194,99.69855504,102.2739758,63.87065731,54.99281462,0.464303161,4.670352753,-4.483312783,1,0.963425628,none,medium,0,0,0
73.4941421,72.10486472,102.4600942,97.36982579,49.2332854,65.48576356,3.652957589,-3.427267918,-1.902121408,1,0.826343006,none,medium,0,0,0
75.64861023,82.14786762,90.25912459,111.5814218,76.67367986,89.02058998,-4.802043417,-1.09317889,-3.085723195,0,0.451197353,back_not_straight,medium,-5.049798537,-6.743699006,-6.261711188
69.43876267,73.51476896,101.32322,104.7406072,56.35727489,53.6097076,-1.665374064,1.775409455,-4.278889071,1,0.816783907,none,medium,0,0,0
72.47115681,69.39222475,110.5138857,112.8273005,63.95758506,54.5943803,4.14731115,-4.885193403,-0.498834735,0,0.440441078,core_unengaged,medium,9.80723564,-3.494921882,8.825448965
70.56548069,65.30336631,100.2193748,101.8933312,61.70563657,53.56240487,0.197042629,-4.259577821,1.054826692,1,0.840888115,none,medium,0,0,0
73.71374981,76.82399405,109.3587391,102.4462796,61.428449,54.66639446,4.255222079,-4.316658952,-0.696252503,1,0.834422121,none,medium,0,0,0
65.57022843,69.54412883,110.2290864,103.8551946,55.47542674,67.27530291,-0.493135251,1.720560388,0.835569673,1,0.912731994,none,medium,0,0,0
80.77666374,65.11218937,92.77741331,107.151733,60.71027906,57.49559279,4.362671394,0.419900749,4.396515113,1,0.877122703,none,medium,0,0,0
81.36858094,91.88660736,87.52900799,110.463799,59.62486941,91.585156,-0.659790273,-2.412883578,-0.65596681,0,0.373433117,back_not_straight,medium,-8.147490339,4.967686994,8.290973277
70.07903772,69.56622125,107.8411988,106.4518406,64.037655,55.13378843,-3.007296635,3.774700467,2.387231507,1,0.818278297,none,medium,0,0,0
58.24351502,59.64188422,86.25712127,87.52266688,58.99232565,49.26360016,-1.669651282,3.849643082,-1.167157604,0,0.286137753,back_not_straight,medium,1.941915404,1.896064294,-2.555992163
74.5837246,66.53634268,101.6514543,87.55718869,64.88784016,56.23577615,-2.937825949,2.99718764,-1.66393211,1,0.88549913,none,medium,0,0,0
74.99664856,68.81461505,105.2733329,102.1804098,76.3024554,59.73551997,2.839873587,-0.806103883,0.000801183,1,0.828877526,none,medium,0,0,0
63.54244449,72.13548658,91.67695132,108.130714,57.63414965,59.84714918,-2.189619186,2.129600079,-4.885075267,1,0.84200587,none,medium,0,0,0
77.43863518,70.42640659,104.0444646,102.7323188,66.7970571,58.80438153,4.245610554,-0.566934905,0.533801879,1,0.801592881,none,medium,0,0,0
65.92777799,72.33283639,101.6602361,101.8854973,69.23551094,51.52239553,3.763194331,-3.974320374,-1.072692567,0,0.330697017,shoulders_uneven,medium,-2.911501024,0.112683068,8.822416251
62.99663004,70.0716603,102.0883685,104.2349854,60.87408884,60.82327578,-0.607893988,1.10546755,-3.396345939,1,0.949671171,none,medium,0,0,0
72.77756323,65.40656744,97.91316593,98.52455043,64.8790836,64.59227222,-3.386371989,-4.164456625,-4.808710336,1,0.90298667,none,medium,0,0,0
65.78470529,76.37449174,88.30515579,95.6816049,61.58624219,37.09170116,-1.64326167,2.493904528,0.719122039,0,0.324400998,head_tilted,medium,-6.661378584,-5.12541035,-4.647984023
77.49047281,67.48421884,101.9057402,103.9553485,67.44874804,57.41123327,-1.724478348,0.466852551,0.754093873,1,0.840733428,none,medium,0,0,0
71.99726817,74.52130773,111.3649431,99.88726954,65.31926352,59.3256812,0.07805064,-0.807283388,-4.81875959,0,0.282500846,knees_too_low,medium,-2.162812536,7.913495552,-5.913672332
69.77149884,66.17504026,110.1431446,104.7923826,54.51798757,64.1911844,2.234436624,0.356565993,3.361177032,1,0.801995755,none,medium,0,0,0
69.73439673,76.11784441,105.4823462,96.87161356,53.40376403,58.98509681,3.825598768,-0.336902439,-4.243002727,1,0.970994804,none,medium,0,0,0
68.62148904,74.70348072,102.4808245,100.2213399,60.9576965,57.20128763,-1.245310715,3.038145452,-0.665277672,1,0.814821085,none,medium,0,0,0
60.61723647,73.09855723,96.82318806,94.0516667,56.87827305,59.07737321,-0.357614803,2.227377522,1.567294847,1,0.87391484,none,medium,0,0,0
68.95522922,80.55067791,101.3426699,107.5650463,66.98298446,62.07323993,3.03002072,0.180080664,-3.596754818,1,0.950349398,none,medium,0,0,0
77.01684985,73.48951636,97.78477989,97.60253516,61.48287773,62.31592398,2.587153212,0.97155306,1.54132737,1,0.981645698,none,medium,0,0,0
79.32312528,75.54964798,99.53800781,93.91439799,55.0608466,64.66616224,-1.861731918,-2.58499372,-2.85087363,1,0.840450836,none,medium,0,0,0
70.07809167,74.51138587,95.4612191,107.5964196,62.55396044,65.15290293,-2.280539606,1.923589225,-2.359380153,1,0.95924829,none,medium,0,0,0
62.88996738,75.52530365,95.91299552,96.95216086,54.93342082,63.50593163,-2.353649731,1.619689448,3.149397285,1,0.919060653,none,medium,0,0,0
66.51614091,72.91013284,101.3022113,97.30579072,54.95722658,50.18687154,-2.404235507,-4.663235961,3.791857726,1,0.806229819,none,medium,0,0,0
61.92944135,71.00373586,81.46984274,117.4699781,70.06111419,55.61610357,-4.32744086,-4.050820632,4.98892612,0,0.530166266,shoulders_uneven,medium,6.897426955,-5.019825278,1.534047977
73.7839434,73.06234397,94.91658436,98.77959763,59.80346356,59.32751608,0.661806912,-1.872220108,1.543420055,1,0.95674765,none,medium,0,0,0
100.0235487,89.44624818,126.0711695,140.3007366,84.50140694,74.95860089,1.761253976,-3.615645067,0.78840168,0,0.356237443,arms_too_high,medium,-8.613433392,2.766444796,4.660072393
78.42796994,84.79144215,116.9497768,102.4646404,67.43796456,81.10009367,-0.058523294,3.610452995,-0.388330987,1,0.888611872,none,medium,0,0,0
83.27246245,80.02916773,107.8119587,115.2937191,71.01027308,73.26194358,1.442567237,4.742476541,-4.301993454,1,0.81087815,none,medium,0,0,0
83.75143455,82.99615974,103.3199582,108.0541884,70.46539936,67.32843499,4.487443951,-4.393950923,1.853953434,1,0.890582214,none,medium,0,0,0
77.31275364,60.97978689,138.5891202,103.0524858,73.64866855,80.76536112,4.213075122,0.831908043,0.928401805,0,0.36075488,arms_too_high,medium,-6.926179143,1.452144658,-4.459749513
75.96282299,79.254974,114.6578563,111.3063334,71.65971278,73.9958941,3.629968314,3.860934353,-3.03346415,1,0.842246366,none,medium,0,0,0
84.47677715,76.84211135,111.2658262,114.1017201,69.83193718,72.27370456,-4.376059314,-1.647209499,-4.329834622,1,0.969477586,none,medium,0,0,0
81.71533504,81.54225054,106.668579,109.1115301,66.70198866,66.47565773,-2.314378325,-3.990218932,-3.325089109,1,0.893821442,none,medium,0,0,0
79.073537,87.19162277,123.1177561,100.2535216,51.95198717,54.36933382,-1.975209708,4.753732771,-3.298845827,0,0.208208326,core_unengaged,medium,6.53236691,-2.68808598,-2.926066268
84.25534607,87.50285684,109.6195162,103.9130194,66.47222954,75.04000974,-4.96859094,-3.257565984,3.754056251,1,0.862337966,none,medium,0,0,0
79.79622075,80.9461599,105.0182916,114.9155882,64.27170714,67.47751758,0.472375204,4.91772881,1.642017131,1,0.869412474,none,medium,0,0,0
102.752193,85.36757523,71.84752726,139.8069646,81.20385204,99.3462738,-1.717668943,-0.460100888,2.624469587,0,0.535292168,core_unengaged,medium,-2.771924419,7.195893496,-1.863903981
83.92925524,61.17338376,104.732057,150.2701136,51.50096761,79.91085092,-3.346977139,3.54260789,-0.092349933,0,0.496641048,knees_too_low,medium,-4.411682316,-7.366928224,7.094069002
81.0672651,84.14354718,117.804749,120.1751635,76.23133672,67.18954837,4.3889496,3.93985205,-1.625196743,1,0.850559689,none,medium,0,0,0
70.7383645,84.17717044,110.6770124,101.6578062,82.64782253,73.12209706,1.234778305,1.002814605,-4.464855371,1,0.950335234,none,medium,0,0,0
76.162895,75.61807633,103.0900234,111.2495085,65.00123599,66.08238908,4.446657322,1.099415586,4.245224687,1,0.989700589,none,medium,0,0,0
83.71076402,84.99408322,116.8605842,113.0362273,79.43667949,70.59751261,-1.241949842,2.081218349,-0.24312182,1,0.987034417,none,medium,0,0,0
73.90946014,83.26750976,108.1133924,120.1290355,67.83549591,71.57224459,-2.215292711,3.529819953,4.283835056,1,0.92526447,none,medium,0,0,0
83.24614395,83.78696734,106.7618394,104.3823544,77.65949958,69.03850483,-3.108609,4.223674847,1.956246524,1,0.982993173,none,medium,0,0,0
89.56204705,84.32077107,111.393096,102.8633321,71.01010468,71.07470085,-1.341141904,-1.819504274,2.49426006,1,0.985471036,none,medium,0,0,0
78.76624669,77.65715539,101.632576,106.716576,63.83531823,64.98410085,1.370947008,0.972924204,1.533834985,1,0.808299833,none,medium,0,0,0
93.10274637,57.6159682,112.4146842,148.0027425,80.157203,66.32049188,1.226895409,4.901088461,-1.881205642,0,0.585344128,head_tilted,medium,-9.794310081,4.320999465,4.124923251
79.45703515,76.00325773,105.8991156,103.7431088,67.65783076,64.22652629,-4.381915393,-4.076394719,-3.372090108,1,0.985726112,none,medium,0,0,0
80.42604725,65.04432015,109.0655192,101.8476338,76.02997258,73.88703676,0.778911127,4.04359775,3.174078473,1,0.950773617,none,medium,0,0,0
83.17723014,74.41290913,101.4630776,102.2320823,68.64920004,72.96963367,-2.283668187,-3.093901669,-3.153675427,1,0.938211163,none,medium,0,0,0
86.11541534,78.705728,111.7625248,107.1482432,60.8969835,71.35028679,-2.000579302,0.960819552,-0.661560771,1,0.898563917,none,medium,0,0,0
81.84265158,64.87003998,105.8402592,120.727436,82.78268327,88.77184633,-0.891429082,0.60579809,4.42659177,0,0.242341294,arms_too_high,medium,7.460387881,0.462860414,3.993798181
92.21254225,69.26724771,99.02686146,106.2746296,48.6312454,76.64178288,0.32291876,-3.967349911,-3.274761231,0,0.437938952,back_not_straight,medium,4.777333543,-9.351131079,3.174352775
81.67088209,79.22370476,100.4609622,105.6980749,67.93197233,79.43843829,1.139703063,-2.471418817,0.776317543,1,0.845304325,none,medium,0,0,0
82.147815,82.16694308,99.17845066,108.3570028,75.76781714,67.4069601,-2.909406263,-4.153116581,-0.333068791,1,0.865635897,none,medium,0,0,0
77.74420571,82.758704,116.0013087,107.6841932,67.94286696,75.76950367,-1.967141092,4.325548784,-3.813562343,1,0.891824805,none,medium,0,0,0
81.68035584,89.78587267,109.8658408,107.4308069,64.26339016,68.43789104,4.711509074,0.621888111,2.147532764,1,0.931281921,none,medium,0,0,0
65.55901152,76.9008308,119.1532425,112.3545944,61.20203096,73.36324606,-1.803479447,-0.618232833,3.992603589,0,0.292592038,back_not_straight,medium,3.627060265,8.803663825,-9.064283101
87.98024246,78.21630718,121.6664466,119.7761502,65.48286792,66.4586613,0.563280073,-4.70844814,4.072489444,1,0.857601069,none,medium,0,0,0
81.48603614,57.24040676,101.8837426,114.2183233,56.84604324,53.27824143,1.298206544,-0.967893668,2.523978823,0,0.554472709,arms_too_high,medium,8.686082283,8.328410891,2.708287137
76.33483502,89.09030961,113.8757775,112.7652004,71.17012227,68.75735691,3.446659091,-0.686982937,-1.209595146,1,0.908059306,none,medium,0,0,0
83.27338309,77.63367477,121.751029,96.67833839,73.36471602,61.17702045,-4.607305858,-2.280013947,-4.936209566,1,0.865042239,none,medium,0,0,0
79.52770643,82.09804986,105.6805852,116.3973247,75.20862332,72.91772152,-0.997877242,2.83297983,-2.340715494,1,0.989351249,none,medium,0,0,0
80.3671726,78.31810668,116.4118174,115.4386992,72.2175086,64.24065808,-1.92783583,0.464585417,-0.828065814,1,0.844535216,none,medium,0,0,0
75.48710379,61.85784597,115.8346809,113.7721041,67.08596302,58.6631275,-2.650057225,3.30150983,4.482515378,0,0.220956518,knees_too_low,medium,-6.807501971,-3.28753454,-8.463851179
75.47554037,75.15945856,109.2086806,109.8708941,72.1694274,73.35943287,2.816154792,-1.862934879,-2.521266413,1,0.989351207,none,medium,0,0,0
84.79102459,70.16780365,122.1457216,116.501566,67.20134044,71.91213281,-3.055523556,-4.068038804,-0.895042059,1,0.902636617,none,medium,0,0,0
69.5001231,63.98833482,104.4356297,106.7535796,72.12678131,62.44120793,-0.074646193,-0.578929653,-1.65598821,0,0.233409966,shoulders_uneven,medium,-5.777481149,5.049366752,-8.97412302
73.81286681,80.54704236,116.6432041,111.5659224,66.96748306,72.27952098,-2.318256323,-1.389252737,-0.915444186,1,0.829849894,none,medium,0,0,0
87.83898066,75.7024998,112.625952,104.3109642,72.61697508,68.37206321,-2.027127957,-2.70006246,-0.886960279,1,0.979137989,none,medium,0,0,0
94.62968688,87.73442133,124.6763317,117.8321382,53.44495257,65.03816164,-4.699786679,-0.554717469,0.046190246,0,0.414060933,core_unengaged,medium,-8.359526296,-9.301215072,9.795128268
73.05016453,64.48013569,110.6529472,134.1245821,64.49758501,92.46664812,-2.98471622,4.344330388,1.890876537,0,0.370994582,arms_too_high,medium,-3.39430665,1.284636334,7.01149056
87.34791269,81.47713643,113.3172386,106.3787673,72.93166488,68.01936951,-3.740448036,4.791515551,1.738388983,1,0.820568518,none,medium,0,0,0
85.91746833,74.10979566,118.3361206,117.6161931,73.67810999,78.90899454,-2.240773056,2.685813309,-2.7372757,1,0.885812474,none,medium,0,0,0
83.0931506,73.41864979,105.958908,113.5496456,75.36443371,71.6271843,2.34151259,-1.58681354,-0.214716301,1,0.808999364,none,medium,0,0,0
107.9104523,99.87096063,144.6457379,159.5570954,73.59772214,80.94739911,1.638244749,4.653027236,-4.495832264,1,0.859186406,none,medium,0,0,0
118.1109655,119.7557102,146.1345827,150.0025003,80.98152208,76.01093126,4.172680666,-0.934094626,-3.567185413,1,0.868191714,none,medium,0,0,0
111.144982,100.7104927,153.0162375,151.4907923,83.19330084,85.29059163,4.45924644,-2.041759025,-4.988879058,1,0.935926636,none,medium,0,0,0
119.7896961,92.93468815,168.1891236,176.0224784,97.47548157,61.31609133,-0.393301702,-0.010288831,-1.817379586,0,0.250947789,core_unengaged,medium,-7.474577258,6.268689646,8.485085492
103.2592321,114.6128176,153.1818286,148.363399,74.2391531,80.89015367,3.152763311,3.944043886,3.236064208,1,0.818419751,none,medium,0,0,0
116.6609456,111.13296,157.7936061,144.5646381,77.81820266,67.96065837,-4.189613895,3.297228663,4.767943728,1,0.827603097,none,medium,0,0,0
109.5481298,114.8865926,148.6945295,140.0186187,79.39451656,69.96610656,0.923013711,1.946537728,-1.353293238,1,0.971911279,none,medium,0,0,0
106.0542919,111.7280671,142.1114895,152.3557187,78.38040092,86.64998419,-4.074995621,2.803478627,1.737017335,1,0.998936833,none,medium,0,0,0
109.597171,100.241964,146.8238627,153.5211114,81.40055131,72.48389033,-2.177375296,-2.019243495,-2.221548368,1,0.904712716,none,medium,0,0,0
115.0917769,112.3267309,149.8801135,152.2063577,81.90099185,79.10196751,-2.282134839,-1.008332055,0.985951074,1,0.904642611,none,medium,0,0,0
104.4818106,110.67816,155.0535108,153.7452197,82.31006655,79.14886554,2.323884466,4.241077159,4.75179976,1,0.905942793,none,medium,0,0,0
113.1341683,110.9324398,144.0490049,155.4367841,84.09063643,69.46574804,-1.820174487,0.797311661,-1.543750064,1,0.958002968,none,medium,0,0,0
105.9689092,109.6831342,145.1100989,149.9913415,79.31830826,85.30197953,-4.998134718,1.139794563,1.164281774,1,0.997161064,none,medium,0,0,0
105.1445091,98.78522312,157.9084948,147.0821826,78.5161337,78.21046968,-2.375294149,0.252584188,-3.887912527,1,0.836103646,none,medium,0,0,0
105.8070342,107.4822169,148.9879901,150.38477,87.50324895,84.54168081,-4.580359266,-1.363546411,-4.014057698,1,0.842983306,none,medium,0,0,0
97.16649145,94.58094858,179.8315204,155.0117797,63.63306444,84.31798847,0.956798242,-4.193845948,4.39568589,0,0.318530321,head_tilted,medium,-7.13061086,-6.971089561,-1.344570313
116.0123887,111.5857349,149.7706937,145.8436461,85.47580206,82.1675275,-2.229307503,4.408801696,-3.756541586,1,0.956693912,none,medium,0,0,0
112.1798769,97.33876957,153.4103475,150.6308895,78.88762552,90.23431098,4.50532821,-4.779338513,4.825212723,1,0.961935007,none,medium,0,0,0
101.1513605,122.6642484,147.3758315,133.9515701,61.02970352,102.9394483,4.055388379,3.353725303,-3.031121282,0,0.250838496,core_unengaged,medium,-6.214327082,-0.813371184,5.042573991
106.7980116,105.9135227,146.1738882,150.0314226,67.82911807,72.44884877,-2.526002529,3.66292436,-3.353715717,1,0.802913431,none,medium,0,0,0
109.9253161,108.3257576,152.495449,152.8172998,83.9560452,77.45869825,-1.261918911,1.253299597,-4.876589539,1,0.908599627,none,medium,0,0,0
97.11458692,122.2032206,125.0266137,171.3026544,74.84176708,88.62549553,0.738658497,0.660184249,3.780335128,0,0.258130677,arms_too_high,medium,0.113934876,-8.759171661,-8.576886422
110.8764339,103.3163728,147.9408832,150.6596398,77.72726141,78.90673361,-3.730555862,-3.767162207,0.185616887,1,0.833977415,none,medium,0,0,0
114.7874044,111.9653114,144.9933169,134.8158996,68.15979482,81.53112374,-0.86321321,1.529729219,0.796190972,0,0.267949038,head_tilted,medium,-8.891682231,-3.377070217,5.319431497
110.7847782,117.3624275,130.7147637,149.4403139,82.0719756,72.08392664,-4.272650522,-2.193991868,-1.500621464,0,0.471018322,arms_too_high,medium,0.93857752,-0.498202543,8.448685673
110.2261135,110.2559895,147.491079,143.1376723,81.61487252,79.69498014,2.991579711,-1.658072858,2.308703458,1,0.83617838,none,medium,0,0,0
116.0050738,111.4147309,151.6986193,151.4100131,80.79858864,78.16879151,-0.84181432,0.485884151,-0.972605153,1,0.827997475,none,medium,0,0,0
105.171676,118.1458318,147.0910898,144.1306002,79.01031136,90.33953169,-1.421887507,0.937806319,0.755934286,1,0.883677907,none,medium,0,0,0
148.5486055,89.62682497,129.0459886,155.0804755,98.0701166,70.63851932,-3.042443936,0.131750823,-3.694954404,0,0.479735787,head_tilted,medium,-3.388779954,4.894734557,-1.751938791
112.9467469,108.6931861,150.8160513,148.1532344,77.22328848,75.13188995,4.080150894,-2.574217339,-4.086911975,1,0.883102813,none,medium,0,0,0
106.6421895,110.5647402,145.5527563,148.3575851,83.75223285,73.49338461,-0.054788749,-3.783046933,0.880936376,1,0.855107313,none,medium,0,0,0
115.8842812,112.4226017,142.3275993,154.1938107,75.863255,74.14514061,-3.188281491,2.906911019,-1.152674235,1,0.832924103,none,medium,0,0,0
118.0097375,118.4024782,152.8011852,145.9480815,83.73851058,84.74353459,-4.853910029,-1.396245076,1.048394294,1,0.915795529,none,medium,0,0,0
107.9350418,113.9256261,144.8516689,145.457518,83.31058646,70.35634989,1.625679177,3.0771782,3.859139955,1,0.941403059,none,medium,0,0,0
108.0124368,108.4210881,142.9594831,155.4091308,70.93383357,74.70694705,-4.597110543,0.122147077,1.804794625,1,0.982345175,none,medium,0,0,0
116.0639219,112.4029936,148.986578,146.3014159,84.32976342,78.58711951,-3.481138277,-1.714418501,-4.455339526,1,0.830274234,none,medium,0,0,0
108.8756605,117.2832394,170.8374457,162.1663251,65.08584932,74.37553883,-2.30838429,-3.013683861,2.8338722,0,0.45808743,back_not_straight,medium,4.904294854,-5.355506182,-1.893492787
116.7071599,106.5362257,142.4590607,144.2151076,79.88487573,76.35660967,-2.514601791,-1.830573782,3.088263235,1,0.821802723,none,medium,0,0,0
113.9143687,107.8443722,152.0402642,152.7539879,82.22386904,75.87173159,1.825404788,-1.683831509,0.005793174,1,0.989004813,none,medium,0,0,0
104.7682256,110.1455135,154.9493007,146.9240616,79.35550408,81.70327068,2.51825146,3.119462346,4.457497022,1,0.932462748,none,medium,0,0,0
115.1472874,114.3615769,144.2849034,154.1007909,79.67655697,80.36437049,2.174649906,-0.245242848,3.4909802,1,0.810726958,none,medium,0,0,0
111.694458,108.3293178,143.2767549,151.0580019,80.45550433,89.03267336,-0.391016618,3.287089838,3.295627157,1,0.920862596,none,medium,0,0,0
116.0909736,115.2868415,154.360985,148.4245663,77.14126979,81.66303755,3.86380362,-4.528032983,4.614166196,1,0.881555607,none,medium,0,0,0
103.0728587,113.966427,154.9826232,146.3516769,74.88707325,78.48519312,0.44257337,4.757788185,-1.308638062,1,0.80214306,none,medium,0,0,0
111.4050463,99.33702187,155.063187,149.2092308,96.21546485,91.53958125,4.827395409,-2.500271091,-4.266359325,1,0.827674319,none,medium,0,0,0
102.232861,118.7293567,156.9964167,148.0903386,82.55113823,77.57604662,-0.810302262,-0.419713834,-2.433527928,1,0.929749423,none,medium,0,0,0
99.90756068,110.7253187,153.9658784,149.3897143,77.71075807,79.20318884,-0.813048567,-2.803650714,-4.997729618,1,0.840848421,none,medium,0,0,0
112.3940937,113.3978784,150.7470974,148.558039,79.40029363,83.70203561,0.123928207,-1.511680925,-1.251750757,1,0.823828134,none,medium,0,0,0
107.0703616,111.6455339,156.2642132,147.7588769,76.53874835,70.15538429,0.088940701,3.61445686,3.66035675,1,0.935117355,none,medium,0,0,0
106.8135661,132.5632142,149.8475142,154.4454666,83.72410899,55.6160095,3.587614298,-1.741186574,4.540422651,0,0.359456998,core_unengaged,medium,7.25844787,-4.658499851,0.693218462
39.91257397,62.39615051,79.83724392,88.33519542,40.73483767,31.29206594,-3.93199296,4.534028794,-4.397730551,0,0.55036197,shoulders_uneven,easy,8.10597998,-0.140860567,-3.396880994
44.36133458,42.4164937,96.96554795,81.74172102,54.74537482,36.72126971,3.646523546,-3.813393855,-3.281234879,0,0.330512861,back_not_straight,easy,-9.584839358,5.217719553,-9.145207879
56.81570207,62.09830122,86.03031663,76.12731567,48.38993411,48.79503403,0.024656498,-4.85618764,3.029813013,1,0.967284185,none,easy,0,0,0
60.4357697,72.44730541,88.3071001,97.89970054,58.21012108,53.76812143,-0.527989678,3.298212647,1.547253485,1,0.838854714,none,easy,0,0,0
56.03815553,61.69527226,96.57075906,87.79197388,46.88936081,47.23156129,-2.901023704,-2.390814203,4.696159389,1,0.990163732,none,easy,0,0,0
63.98497932,62.25369395,91.75005599,86.73556321,56.46511639,50.07245099,1.202413543,-0.222578736,-0.218410764,1,0.901628344,none,easy,0,0,0
67.17270104,66.91990246,97.76520538,77.59006832,53.59675725,52.71149385,4.240729888,3.203240881,0.618637898,1,0.93931228,none,easy,0,0,0
60.93965826,63.36150599,92.68680141,94.62205094,42.14988353,51.57926725,4.677428248,1.577653833,0.643953803,1,0.885199504,none,easy,0,0,0
63.77559622,72.5230834,94.00757159,94.88657651,49.35234296,43.07371455,-1.217754848,0.172934822,-0.868926023,1,0.894503089,none,easy,0,0,0
49.17875475,57.78290245,106.6930521,93.57721217,37.41019397,70.31661609,-4.102404994,4.108262647,-4.939529568,0,0.354722897,shoulders_uneven,easy,-8.388383754,-7.056734978,-4.04045529
58.14071059,56.35769189,91.59762335,98.26808634,50.69943616,54.98059107,-3.045419996,-3.337706379,4.164891511,1,0.906911844,none,easy,0,0,0
66.62984985,56.73595758,91.90622133,89.32036355,53.09054551,57.54728847,-4.503940917,-2.429373078,-0.349636658,1,0.976179032,none,easy,0,0,0
64.52550013,62.63304344,62.34309625,76.64523228,49.03883354,58.04436364,-0.691417246,-1.878081162,2.251111599,0,0.27613479,shoulders_uneven,easy,8.344411836,1.071170653,-4.015359914
62.28483682,66.56451327,92.80007574,79.90490387,48.15234577,49.79195771,-1.125335362,0.83421519,-0.35796051,1,0.812501388,none,easy,0,0,0
70.51218338,58.71895214,88.29541647,88.76336133,47.99605178,62.62198269,-1.195181145,-3.938744145,0.313568318,1,0.805373531,none,easy,0,0,0
66.13575837,62.27181854,101.3212906,93.41048114,55.71404819,56.19181416,-0.712357089,-4.462180358,-4.779141547,1,0.902194149,none,easy,0,0,0
54.65394672,52.08175087,92.08600787,86.83263107,59.53904394,49.63728838,-0.817088889,-1.905872051,4.367245559,1,0.971110225,none,easy,0,0,0
53.35710171,59.94327405,82.17187772,95.12958993,51.21173639,43.26931982,-2.930063988,3.514057479,-4.157356338,1,0.916783858,none,easy,0,0,0
54.21575335,64.61922092,92.69415611,93.68039408,48.31551006,51.27819488,-2.135262623,0.180771652,2.480160767,1,0.828109426,none,easy,0,0,0
62.05214877,60.97837032,85.60606556,95.41481386,54.4906986,44.62288612,-4.072851892,0.322228749,3.216415698,1,0.838574114,none,easy,0,0,0
68.70148262,68.15184691,79.57551013,89.58258683,58.20712513,37.12466969,2.622120583,0.917169689,-3.079766309,0,0.446877691,shoulders_uneven,easy,9.396377293,4.552622754,8.452075142
66.81281426,68.20307282,105.7602837,84.38252983,51.21441007,39.58950648,3.051743974,-3.142230453,-4.150337101,1,0.839511181,none,easy,0,0,0
56.19854526,69.66229749,92.21761869,81.48935647,52.75393868,49.02661669,0.0237182,-1.72116006,2.37132414,1,0.984529028,none,easy,0,0,0
28.8328227,55.19553293,114.6506723,95.40971837,37.04759593,49.53194767,-0.70850508,-4.25104158,-3.938396465,0,0.407204173,shoulders_uneven,easy,2.283724886,-5.267804346,-0.330038298
56.4246839,56.95049619,97.87694737,90.14395407,50.59105996,46.6290472,-4.635389492,-4.472560478,3.341641082,1,0.823842089,none,easy,0,0,0
58.81398987,51.31313836,82.78749316,100.44252,42.23461141,48.67863134,1.17219583,3.84807947,-2.686423577,0,0.544319575,back_not_straight,easy,-3.076062266,3.075735022,-2.99602638
63.53522947,73.74322467,90.72946268,80.86977295,52.28758245,54.30131486,-2.985360789,-2.34791463,-3.302407986,1,0.858008806,none,easy,0,0,0
45.74796371,57.01972331,92.74590331,70.96349918,34.04531185,39.58275686,0.328270374,3.606678218,1.949183798,0,0.240946834,back_not_straight,easy,5.035415754,8.124670389,4.868703479
76.00078245,55.17130288,85.8873373,88.63607741,61.61187351,59.46438616,-1.837848774,3.449708536,-0.236776478,0,0.414936199,shoulders_uneven,easy,-6.16089122,4.384688381,-4.568990896
51.9399055,56.10441015,84.77929489,91.89801051,43.82318487,47.30392992,4.442088383,4.95510968,-0.497231896,1,0.939158993,none,easy,0,0,0
77.54091111,57.11225664,95.97665795,96.55846646,27.31586611,36.50938809,3.295658314,-3.663043456,4.353944897,0,0.234682627,knees_too_low,easy,0.767262042,8.264593726,-2.240544912
60.835185,62.08697565,92.79325458,89.12924695,45.44332348,43.90642336,2.653162995,4.294034838,-2.951975909,1,0.940161684,none,easy,0,0,0
59.33915322,60.36139483,82.49889069,86.10581479,56.75536446,54.43095594,-1.227982175,3.018401685,-0.654690367,1,0.995323527,none,easy,0,0,0
56.61879396,54.52817601,87.05922822,97.09119391,44.5789496,60.58373411,-2.716687476,-4.415420128,-2.000706025,1,0.948473987,none,easy,0,0,0
57.72602641,54.80096734,86.96176827,89.31344517,54.78895807,51.03801676,0.978080134,1.647392049,-0.806653196,1,0.830348583,none,easy,0,0,0
60.6806887,46.8966452,88.5909881,90.49249174,50.77024039,49.78815795,0.019454051,4.099301582,2.172618759,1,0.884147313,none,easy,0,0,0
61.90654806,61.55826428,82.40544587,76.84634932,51.94187865,49.52587884,-4.167769338,3.629596233,-0.194400592,1,0.939433251,none,easy,0,0,0
27.01960782,79.79453493,86.2528515,94.78195037,53.34636838,68.93734842,1.508332216,1.150646299,-3.243279,0,0.324552776,head_tilted,easy,-1.966062145,0.055003832,6.789064684
59.01905927,56.64428197,80.0992477,87.49135548,49.64231394,46.78337802,-1.481151657,2.056153048,0.215509839,1,0.850949741,none,easy,0,0,0
61.66774715,65.66197079,88.2939214,91.07796247,44.7367284,30.86305767,1.09505891,0.684319543,2.919930334,0,0.382823864,core_unengaged,easy,-4.194897893,1.23870507,-7.761308437
60.32310516,51.66421831,90.31338025,90.44928081,53.39421935,49.90402225,4.309986197,-4.494926076,0.473047441,1,0.811447339,none,easy,0,0,0
59.00166787,51.46412637,91.62283767,89.36948015,52.76978024,54.28909421,3.205917893,-1.077329585,-0.524481449,1,0.917525397,none,easy,0,0,0
57.20895734,59.08962765,89.59024107,95.45411334,46.1313741,57.69032718,-1.528078324,2.941823453,1.25216125,1,0.851742189,none,easy,0,0,0
63.5500163,69.09005499,92.94890738,90.73458138,59.64186783,51.74776051,-2.868578807,3.671773545,4.558431472,1,0.949739696,none,easy,0,0,0
58.85415546,57.78720653,85.34446825,80.98277795,53.97797954,40.30527056,-1.530410496,-0.681929049,2.817798259,0,0.348389485,arms_too_high,easy,5.443040552,-6.590749768,-2.309683726
61.77715962,66.83119495,95.366247,87.26595955,46.20246669,46.39407722,-2.39150754,-4.90912965,1.482975273,1,0.900900585,none,easy,0,0,0
62.46493229,59.71241123,95.37671701,91.05334233,51.04767115,44.54187414,0.831057573,2.180141781,-1.279564322,1,0.973595925,none,easy,0,0,0
26.0806346,46.46714339,84.28505391,98.19410414,38.74458457,31.30603979,-3.269761302,-2.332279364,-3.804691305,0,0.534979838,head_tilted,easy,-3.540206336,7.780243802,-6.787327748
66.18945935,50.96397567,91.27683086,113.9243018,51.83211071,72.75113432,1.073244168,-4.114216604,1.768722758,0,0.593336307,head_tilted,easy,-5.167974471,3.625642211,4.319693871
82.6369652,69.08409349,97.6291256,83.5453602,27.73915003,46.87297684,-2.79909934,-2.460152466,3.776921788,0,0.470857987,core_unengaged,easy,-7.61957391,-8.621442437,-0.329002984