19.491395894324857,"('Model not trained yet. Train first.', 0.0)"
134.40492659820825,"('Model not trained yet. Train first.', 0.0)"
16.1785129289219,"('Model not trained yet. Train first.', 0.0)"
46.78959596311239,"('Model not trained yet. Train first.', 0.0)"
25.69727132771139,"('Model not trained yet. Train first.', 0.0)"
21.32074019855176,"('Model not trained yet. Train first.', 0.0)"
176.07400480330148,"('Model not trained yet. Train first.', 0.0)"
176.1071788892998,"('Model not trained yet. Train first.', 0.0)"
176.52969322931574,"('Model not trained yet. Train first.', 0.0)"
176.31493404910034,"('Model not trained yet. Train first.', 0.0)"
176.20778097746995,"('Model not trained yet. Train first.', 0.0)"
176.1319394210044,"('Model not trained yet. Train first.', 0.0)"
176.1361066358102,"('Model not trained yet. Train first.', 0.0)"
176.11297452118592,"('Model not trained yet. Train first.', 0.0)"
175.3046622558176,"('Model not trained yet. Train first.', 0.0)"
175.7378458036485,"('Model not trained yet. Train first.', 0.0)"
175.75266087528985,"('Model not trained yet. Train first.', 0.0)"
175.95256191066116,"('Model not trained yet. Train first.', 0.0)"
176.1817026478565,"('Model not trained yet. Train first.', 0.0)"
176.18984976237306,"('Model not trained yet. Train first.', 0.0)"
176.0745235966769,"('Model not trained yet. Train first.', 0.0)"
176.10843025005917,"('Model not trained yet. Train first.', 0.0)"
176.07565891909178,"('Model not trained yet. Train first.', 0.0)"
176.15499990385453,"('Model not trained yet. Train first.', 0.0)"
176.03600453977214,"('Model not trained yet. Train first.', 0.0)"
176.0972444115249,"('Model not trained yet. Train first.', 0.0)"
176.16648967380172,"('Model not trained yet. Train first.', 0.0)"
176.09987516425818,"('Model not trained yet. Train first.', 0.0)"
176.09086253438798,"('Model not trained yet. Train first.', 0.0)"
176.09109758192324,"('Model not trained yet. Train first.', 0.0)"
176.0060008094792,"('Model not trained yet. Train first.', 0.0)"
175.90040285798574,"('Model not trained yet. Train first.', 0.0)"
175.76849834817375,"('Model not trained yet. Train first.', 0.0)"
175.64396502311084,"('Model not trained yet. Train first.', 0.0)"
175.53366199241447,"('Model not trained yet. Train first.', 0.0)"
175.3697555385284,"('Model not trained yet. Train first.', 0.0)"
175.30681250057387,"('Model not trained yet. Train first.', 0.0)"
175.2894936330909,"('Model not trained yet. Train first.', 0.0)"
175.3127414956354,"('Model not trained yet. Train first.', 0.0)"
175.39558907754298,"('Model not trained yet. Train first.', 0.0)"
175.489067604821,"('Model not trained yet. Train first.', 0.0)"
175.5596621440939,"('Model not trained yet. Train first.', 0.0)"
175.82602534574306,"('Model not trained yet. Train first.', 0.0)"
175.89162226480198,"('Model not trained yet. Train first.', 0.0)"
175.93652056952794,"('Model not trained yet. Train first.', 0.0)"
175.76938569975067,"('Model not trained yet. Train first.', 0.0)"
175.88271299795457,"('Model not trained yet. Train first.', 0.0)"
175.80973710069418,"('Model not trained yet. Train first.', 0.0)"
176.00151430448585,"('Model not trained yet. Train first.', 0.0)"
176.02388202648524,"('Model not trained yet. Train first.', 0.0)"
175.86565618513953,"('Model not trained yet. Train first.', 0.0)"
175.83745365839974,"('Model not trained yet. Train first.', 0.0)"
175.84726786151873,"('Model not trained yet. Train first.', 0.0)"
175.9410366010899,"('Model not trained yet. Train first.', 0.0)"
175.65438096642697,"('Model not trained yet. Train first.', 0.0)"
175.63580490699636,"('Model not trained yet. Train first.', 0.0)"
175.69625827613572,"('Model not trained yet. Train first.', 0.0)"
175.64370679129445,"('Model not trained yet. Train first.', 0.0)"
175.6282342488832,"('Model not trained yet. Train first.', 0.0)"
175.6663022186707,"('Model not trained yet. Train first.', 0.0)"
175.78873674446436,"('Model not trained yet. Train first.', 0.0)"
175.96175055313103,"('Model not trained yet. Train first.', 0.0)"
175.9470442851495,"('Model not trained yet. Train first.', 0.0)"
175.82482841926725,"('Model not trained yet. Train first.', 0.0)"
175.82287616593703,"('Model not trained yet. Train first.', 0.0)"
175.81542606306874,"('Model not trained yet. Train first.', 0.0)"
175.9529040491121,"('Model not trained yet. Train first.', 0.0)"
175.90077699494014,"('Model not trained yet. Train first.', 0.0)"
175.9938736763467,"('Model not trained yet. Train first.', 0.0)"
175.86210501845454,"('Model not trained yet. Train first.', 0.0)"
175.65070654715177,"('Model not trained yet. Train first.', 0.0)"
175.9689476784527,"('Model not trained yet. Train first.', 0.0)"
175.89337288877806,"('Model not trained yet. Train first.', 0.0)"
175.98748523710043,"('Model not trained yet. Train first.', 0.0)"
176.0284955346428,"('Model not trained yet. Train first.', 0.0)"
175.98038256912255,"('Model not trained yet. Train first.', 0.0)"
176.14381148618116,"('Model not trained yet. Train first.', 0.0)"
175.97432624513954,"('Model not trained yet. Train first.', 0.0)"
175.93494577223737,"('Model not trained yet. Train first.', 0.0)"
175.65016895990368,"('Model not trained yet. Train first.', 0.0)"
175.58291575489585,"('Model not trained yet. Train first.', 0.0)"
175.59269286331107,"('Model not trained yet. Train first.', 0.0)"
175.68853345678565,"('Model not trained yet. Train first.', 0.0)"
175.60958533469676,"('Model not trained yet. Train first.', 0.0)"
175.48534831844523,"('Model not trained yet. Train first.', 0.0)"
175.8957319088406,"('Model not trained yet. Train first.', 0.0)"
175.99734604171215,"('Model not trained yet. Train first.', 0.0)"
176.02141044664307,"('Model not trained yet. Train first.', 0.0)"
176.01584818652987,"('Model not trained yet. Train first.', 0.0)"
176.05415320135157,"('Model not trained yet. Train first.', 0.0)"
176.10854264336393,"('Model not trained yet. Train first.', 0.0)"
176.13082879028278,"('Model not trained yet. Train first.', 0.0)"
176.21813285128366,"('Model not trained yet. Train first.', 0.0)"
176.3124455338443,"('Model not trained yet. Train first.', 0.0)"
176.0197920088708,"('Model not trained yet. Train first.', 0.0)"
174.32285373017177,"('Model not trained yet. Train first.', 0.0)"
175.8781874866664,"('Model not trained yet. Train first.', 0.0)"
176.72892366371127,"('Model not trained yet. Train first.', 0.0)"
177.3020772689682,"('Model not trained yet. Train first.', 0.0)"
177.03794730688963,"('Model not trained yet. Train first.', 0.0)"
175.9204736041134,"('Model not trained yet. Train first.', 0.0)"
177.94481495314412,"('Model not trained yet. Train first.', 0.0)"
178.22719915241186,"('Model not trained yet. Train first.', 0.0)"
177.81710708697864,"('Model not trained yet. Train first.', 0.0)"
178.01635950584443,"('Model not trained yet. Train first.', 0.0)"
177.4790861512887,"('Model not trained yet. Train first.', 0.0)"
176.2469809859117,"('Model not trained yet. Train first.', 0.0)"
176.06618067175827,"('Model not trained yet. Train first.', 0.0)"
175.68743591877035,"('Model not trained yet. Train first.', 0.0)"
175.94933933911358,"('Model not trained yet. Train first.', 0.0)"
176.45451716588957,"('Model not trained yet. Train first.', 0.0)"
176.5076523336781,"('Model not trained yet. Train first.', 0.0)"
176.52899551097386,"('Model not trained yet. Train first.', 0.0)"
176.9817983013876,"('Model not trained yet. Train first.', 0.0)"
177.86875618603557,"('Model not trained yet. Train first.', 0.0)"
178.7678739667155,"('Model not trained yet. Train first.', 0.0)"
178.67183827234174,"('Model not trained yet. Train first.', 0.0)"
177.43239255947924,"('Model not trained yet. Train first.', 0.0)"
177.28029515164826,"('Model not trained yet. Train first.', 0.0)"
177.8761994658025,"('Model not trained yet. Train first.', 0.0)"
176.85067234183472,"('Model not trained yet. Train first.', 0.0)"
176.97110556571283,"('Model not trained yet. Train first.', 0.0)"
177.07270592794762,"('Model not trained yet. Train first.', 0.0)"
176.8594176519841,"('Model not trained yet. Train first.', 0.0)"
177.31020959648183,"('Model not trained yet. Train first.', 0.0)"
177.5759839784917,"('Model not trained yet. Train first.', 0.0)"
177.78655487285596,"('Model not trained yet. Train first.', 0.0)"
177.5200245508994,"('Model not trained yet. Train first.', 0.0)"
177.3672502640066,"('Model not trained yet. Train first.', 0.0)"
176.95413441138948,"('Model not trained yet. Train first.', 0.0)"
176.99208883433965,"('Model not trained yet. Train first.', 0.0)"
177.11996989070047,"('Model not trained yet. Train first.', 0.0)"
176.83872781495177,"('Model not trained yet. Train first.', 0.0)"
176.34621232681366,"('Model not trained yet. Train first.', 0.0)"
176.52160095429406,"('Model not trained yet. Train first.', 0.0)"
176.85881711261095,"('Model not trained yet. Train first.', 0.0)"
176.97164587146398,"('Model not trained yet. Train first.', 0.0)"
176.96768523454153,"('Model not trained yet. Train first.', 0.0)"
176.96277579361518,"('Model not trained yet. Train first.', 0.0)"
177.10457911502937,"('Model not trained yet. Train first.', 0.0)"
177.37444670912288,"('Model not trained yet. Train first.', 0.0)"
177.27533701380582,"('Model not trained yet. Train first.', 0.0)"
177.03611879403434,"('Model not trained yet. Train first.', 0.0)"
176.89761518155598,"('Model not trained yet. Train first.', 0.0)"
176.86226343332893,"('Model not trained yet. Train first.', 0.0)"
177.00849126190758,"('Model not trained yet. Train first.', 0.0)"
176.93148536037833,"('Model not trained yet. Train first.', 0.0)"
176.92255547855754,"('Model not trained yet. Train first.', 0.0)"
177.4511523406382,"('Model not trained yet. Train first.', 0.0)"
177.38489779765825,"('Model not trained yet. Train first.', 0.0)"
177.1066808962123,"('Model not trained yet. Train first.', 0.0)"
176.81945641221915,"('Model not trained yet. Train first.', 0.0)"
177.12769507499604,"('Model not trained yet. Train first.', 0.0)"
176.7637441939408,"('Model not trained yet. Train first.', 0.0)"
176.46103888864218,"('Model not trained yet. Train first.', 0.0)"
177.53200275286346,"('Model not trained yet. Train first.', 0.0)"
178.26570949579803,"('Model not trained yet. Train first.', 0.0)"
178.065981820452,"('Model not trained yet. Train first.', 0.0)"
177.68912629008756,"('Model not trained yet. Train first.', 0.0)"
178.04577283086832,"('Model not trained yet. Train first.', 0.0)"
178.53437212330334,"('Model not trained yet. Train first.', 0.0)"
178.5375094077023,"('Model not trained yet. Train first.', 0.0)"
177.8851777347976,"('Model not trained yet. Train first.', 0.0)"
177.85695951327816,"('Model not trained yet. Train first.', 0.0)"
177.66552631316546,"('Model not trained yet. Train first.', 0.0)"
177.7059906941202,"('Model not trained yet. Train first.', 0.0)"
177.77823459854318,"('Model not trained yet. Train first.', 0.0)"
177.8666044994962,"('Model not trained yet. Train first.', 0.0)"
177.6499442057294,"('Model not trained yet. Train first.', 0.0)"
177.72581081087515,"('Model not trained yet. Train first.', 0.0)"
176.88296324978796,"('Model not trained yet. Train first.', 0.0)"
176.89411235416597,"('Model not trained yet. Train first.', 0.0)"
176.9206575875487,"('Model not trained yet. Train first.', 0.0)"
177.09263147758335,"('Model not trained yet. Train first.', 0.0)"
177.1150310862671,"('Model not trained yet. Train first.', 0.0)"
177.24327766035708,"('Model not trained yet. Train first.', 0.0)"
177.04192746813425,"('Model not trained yet. Train first.', 0.0)"
177.08707424006644,"('Model not trained yet. Train first.', 0.0)"
176.68967710708262,"('Model not trained yet. Train first.', 0.0)"
176.69241358438154,"('Model not trained yet. Train first.', 0.0)"
176.0303777143074,"('Model not trained yet. Train first.', 0.0)"
176.26734707452653,"('Model not trained yet. Train first.', 0.0)"
176.49141302955394,"('Model not trained yet. Train first.', 0.0)"
176.36699775610467,"('Model not trained yet. Train first.', 0.0)"
176.4489093317317,"('Model not trained yet. Train first.', 0.0)"
176.79342920113038,"('Model not trained yet. Train first.', 0.0)"
176.97257140165013,"('Model not trained yet. Train first.', 0.0)"
177.1433167526671,"('Model not trained yet. Train first.', 0.0)"
177.15471097802782,"('Model not trained yet. Train first.', 0.0)"
177.19701375308745,"('Model not trained yet. Train first.', 0.0)"
177.0267610299707,"('Model not trained yet. Train first.', 0.0)"
177.2758346452009,"('Model not trained yet. Train first.', 0.0)"
177.54814449222465,"('Model not trained yet. Train first.', 0.0)"
176.98940733104908,"('Model not trained yet. Train first.', 0.0)"
176.16059526778247,"('Model not trained yet. Train first.', 0.0)"
176.5764333617721,"('Model not trained yet. Train first.', 0.0)"
176.4645791730166,"('Model not trained yet. Train first.', 0.0)"
176.42106531309696,"('Model not trained yet. Train first.', 0.0)"
176.6801453730875,"('Model not trained yet. Train first.', 0.0)"
175.98096795322544,"('Model not trained yet. Train first.', 0.0)"
175.92524355320907,"('Model not trained yet. Train first.', 0.0)"
175.7360311926367,"('Model not trained yet. Train first.', 0.0)"
175.52595862201682,"('Model not trained yet. Train first.', 0.0)"
175.59396645291167,"('Model not trained yet. Train first.', 0.0)"
175.49974872154934,"('Model not trained yet. Train first.', 0.0)"
175.58521999955911,"('Model not trained yet. Train first.', 0.0)"
175.74841604452,"('Model not trained yet. Train first.', 0.0)"
175.69936807363615,"('Model not trained yet. Train first.', 0.0)"
176.09156145627787,"('Model not trained yet. Train first.', 0.0)"
176.13533222453478,"('Model not trained yet. Train first.', 0.0)"
175.977009625526,"('Model not trained yet. Train first.', 0.0)"
176.37335496989635,"('Model not trained yet. Train first.', 0.0)"
176.13670180819378,"('Model not trained yet. Train first.', 0.0)"
175.99865819089052,"('Model not trained yet. Train first.', 0.0)"
176.0212797936474,"('Model not trained yet. Train first.', 0.0)"
175.974516174882,"('Model not trained yet. Train first.', 0.0)"
176.02856882789092,"('Model not trained yet. Train first.', 0.0)"
175.91435082190975,"('Model not trained yet. Train first.', 0.0)"
176.00162338197674,"('Model not trained yet. Train first.', 0.0)"
175.9942264219016,"('Model not trained yet. Train first.', 0.0)"
176.12895581770437,"('Model not trained yet. Train first.', 0.0)"
176.1655265916823,"('Model not trained yet. Train first.', 0.0)"
176.23966622844853,"('Model not trained yet. Train first.', 0.0)"
176.25905024922855,"('Model not trained yet. Train first.', 0.0)"
176.19823798702635,"('Model not trained yet. Train first.', 0.0)"
176.22857221785137,"('Model not trained yet. Train first.', 0.0)"
176.18165336569018,"('Model not trained yet. Train first.', 0.0)"
176.16601490115733,"('Model not trained yet. Train first.', 0.0)"
176.2369175883851,"('Model not trained yet. Train first.', 0.0)"
176.22366520281057,"('Model not trained yet. Train first.', 0.0)"
176.36296468981692,"('Model not trained yet. Train first.', 0.0)"
176.3855009625874,"('Model not trained yet. Train first.', 0.0)"
176.44686699080933,"('Model not trained yet. Train first.', 0.0)"
176.52696441532783,"('Model not trained yet. Train first.', 0.0)"
176.48238454187134,"('Model not trained yet. Train first.', 0.0)"
176.4283647731437,"('Model not trained yet. Train first.', 0.0)"
176.39587334227429,"('Model not trained yet. Train first.', 0.0)"
176.37050617028626,"('Model not trained yet. Train first.', 0.0)"
176.28572952846156,"('Model not trained yet. Train first.', 0.0)"
176.35936904376302,"('Model not trained yet. Train first.', 0.0)"
176.346840393981,"('Model not trained yet. Train first.', 0.0)"
176.42609650258686,"('Model not trained yet. Train first.', 0.0)"
176.3322983015021,"('Model not trained yet. Train first.', 0.0)"
176.29035923074548,"('Model not trained yet. Train first.', 0.0)"
176.38744421039246,"('Model not trained yet. Train first.', 0.0)"
176.65190000554094,"('Model not trained yet. Train first.', 0.0)"
176.59731486251763,"('Model not trained yet. Train first.', 0.0)"
176.668546496154,"('Model not trained yet. Train first.', 0.0)"
176.13264046219086,"('Model not trained yet. Train first.', 0.0)"
176.15088331875518,"('Model not trained yet. Train first.', 0.0)"
176.10738847569115,"('Model not trained yet. Train first.', 0.0)"
176.07641022693443,"('Model not trained yet. Train first.', 0.0)"
176.1272968063393,"('Model not trained yet. Train first.', 0.0)"
176.3066566163874,"('Model not trained yet. Train first.', 0.0)"
176.33238638735637,"('Model not trained yet. Train first.', 0.0)"
176.37258164670425,"('Model not trained yet. Train first.', 0.0)"
176.4321421561114,"('Model not trained yet. Train first.', 0.0)"
176.44869861679652,"('Model not trained yet. Train first.', 0.0)"
176.43681450094266,"('Model not trained yet. Train first.', 0.0)"
176.4043647055708,"('Model not trained yet. Train first.', 0.0)"
176.27663262945953,"('Model not trained yet. Train first.', 0.0)"
176.38009242932964,"('Model not trained yet. Train first.', 0.0)"
176.52315667726512,"('Model not trained yet. Train first.', 0.0)"
176.12970496756344,"('Model not trained yet. Train first.', 0.0)"
176.38678558732093,"('Model not trained yet. Train first.', 0.0)"
176.2927899987181,"('Model not trained yet. Train first.', 0.0)"
176.33295947721496,"('Model not trained yet. Train first.', 0.0)"
176.57558144538717,"('Model not trained yet. Train first.', 0.0)"
176.5655803249631,"('Model not trained yet. Train first.', 0.0)"
176.66546167494522,"('Model not trained yet. Train first.', 0.0)"
176.59421363288914,"('Model not trained yet. Train first.', 0.0)"
176.52005505367447,"('Model not trained yet. Train first.', 0.0)"
176.2233039182555,"('Model not trained yet. Train first.', 0.0)"
176.25057024969522,"('Model not trained yet. Train first.', 0.0)"
176.33004172001148,"('Model not trained yet. Train first.', 0.0)"
176.2651803107944,"('Model not trained yet. Train first.', 0.0)"
176.1899077895186,"('Model not trained yet. Train first.', 0.0)"
176.04923310561412,"('Model not trained yet. Train first.', 0.0)"
176.13302947493645,"('Model not trained yet. Train first.', 0.0)"
176.12668175393875,"('Model not trained yet. Train first.', 0.0)"
176.3011195178609,"('Model not trained yet. Train first.', 0.0)"
176.3992221010892,"('Model not trained yet. Train first.', 0.0)"
176.34738646501387,"('Model not trained yet. Train first.', 0.0)"
176.24955934395467,"('Model not trained yet. Train first.', 0.0)"
176.26437692525232,"('Model not trained yet. Train first.', 0.0)"
176.28555239038235,"('Model not trained yet. Train first.', 0.0)"
176.30845614083887,"('Model not trained yet. Train first.', 0.0)"
176.3686092533212,"('Model not trained yet. Train first.', 0.0)"
176.29868245390276,"('Model not trained yet. Train first.', 0.0)"
176.2865026782777,"('Model not trained yet. Train first.', 0.0)"
176.35839405343737,"('Model not trained yet. Train first.', 0.0)"
176.22278085637765,"('Model not trained yet. Train first.', 0.0)"
176.28954744452687,"('Model not trained yet. Train first.', 0.0)"
176.32461817900017,"('Model not trained yet. Train first.', 0.0)"
176.35066042945567,"('Model not trained yet. Train first.', 0.0)"
176.38506559278,"('Model not trained yet. Train first.', 0.0)"
176.39932286931108,"('Model not trained yet. Train first.', 0.0)"
176.67553925684697,"('Model not trained yet. Train first.', 0.0)"
176.51151403734167,"('Model not trained yet. Train first.', 0.0)"
176.42809383955134,"('Model not trained yet. Train first.', 0.0)"
176.48822522032077,"('Model not trained yet. Train first.', 0.0)"
176.3240091160691,"('Model not trained yet. Train first.', 0.0)"
176.55817487212084,"('Model not trained yet. Train first.', 0.0)"
176.34278369124604,"('Model not trained yet. Train first.', 0.0)"
176.3781841138071,"('Model not trained yet. Train first.', 0.0)"
176.34209461279434,"('Model not trained yet. Train first.', 0.0)"
176.2852920937708,"('Model not trained yet. Train first.', 0.0)"
176.3123633986853,"('Model not trained yet. Train first.', 0.0)"
176.18481012877612,"('Model not trained yet. Train first.', 0.0)"
176.43185998646703,"('Model not trained yet. Train first.', 0.0)"
176.43739158420965,"('Model not trained yet. Train first.', 0.0)"
176.44012381855956,"('Model not trained yet. Train first.', 0.0)"
176.37388577194258,"('Model not trained yet. Train first.', 0.0)"
176.37643324476636,"('Model not trained yet. Train first.', 0.0)"
176.37714220934615,"('Model not trained yet. Train first.', 0.0)"
176.07872571851914,"('Model not trained yet. Train first.', 0.0)"
176.23222713920194,"('Model not trained yet. Train first.', 0.0)"
176.20294493460256,"('Model not trained yet. Train first.', 0.0)"
176.20189417689926,"('Model not trained yet. Train first.', 0.0)"
176.26996472904239,"('Model not trained yet. Train first.', 0.0)"
176.3525932426047,"('Model not trained yet. Train first.', 0.0)"
176.48732667263266,"('Model not trained yet. Train first.', 0.0)"
176.34911140896673,"('Model not trained yet. Train first.', 0.0)"
176.2641957259603,"('Model not trained yet. Train first.', 0.0)"
176.13527600956914,"('Model not trained yet. Train first.', 0.0)"
176.06697777003808,"('Model not trained yet. Train first.', 0.0)"
175.9762553957632,"('Model not trained yet. Train first.', 0.0)"
176.2299844159084,"('Model not trained yet. Train first.', 0.0)"
176.39396813821776,"('Model not trained yet. Train first.', 0.0)"
176.4125874232575,"('Model not trained yet. Train first.', 0.0)"
176.51137259380846,"('Model not trained yet. Train first.', 0.0)"
176.02340471929762,"('Model not trained yet. Train first.', 0.0)"
176.0697220893927,"('Model not trained yet. Train first.', 0.0)"
176.0549583285839,"('Model not trained yet. Train first.', 0.0)"
176.11603057575815,"('Model not trained yet. Train first.', 0.0)"
176.21017716047828,"('Model not trained yet. Train first.', 0.0)"
177.9088897705078,110.4643783569336,99.21882629394531,70.04329681396484,58.93050765991211,60.180633544921875,"('Good pose!', 1.0)"
177.81802368164062,173.90457153320312,75.27875518798828,97.91959381103516,98.89684295654297,79.62739562988281,"('Good pose!', 1.0)"
177.5503387451172,174.2093505859375,73.41790771484375,99.45996856689453,98.8831558227539,79.99866485595703,"('Good pose!', 1.0)"
177.2978973388672,174.55526733398438,71.01984405517578,101.90927124023438,97.83940124511719,81.08465576171875,"('Good pose!', 1.0)"
176.9687042236328,175.09107971191406,70.81593322753906,101.945556640625,97.13093566894531,82.1673583984375,"('Good pose!', 1.0)"
176.9969482421875,175.30673217773438,69.30233764648438,104.00105285644531,96.59982299804688,82.40047454833984,"('Good pose!', 1.0)"
176.6853485107422,175.43064880371094,68.57725524902344,104.8852767944336,95.28914642333984,83.36431884765625,"('Good pose!', 1.0)"
178.96653747558594,174.36427307128906,73.58304595947266,99.89107513427734,94.79264831542969,85.06403350830078,"('Good pose!', 1.0)"
178.64642333984375,175.3273162841797,80.51483154296875,92.70613098144531,94.51435852050781,86.23841857910156,"('Good pose!', 1.0)"
178.23440551757812,175.53692626953125,81.09544372558594,92.19377899169922,92.39118194580078,88.09091186523438,"('Good pose!', 1.0)"
177.72897338867188,175.6053009033203,83.67559051513672,89.1843490600586,92.64204406738281,87.83229064941406,"('Good pose!', 1.0)"
177.83287048339844,176.61599731445312,82.74645233154297,90.30067443847656,91.41712951660156,89.984619140625,"('Good pose!', 1.0)"
177.35556030273438,176.23294067382812,84.97108459472656,86.98917388916016,92.47581481933594,89.15242767333984,"('Good pose!', 1.0)"
176.5973358154297,177.25611877441406,85.19403076171875,86.9076156616211,90.94011688232422,90.81169891357422,"('Good pose!', 1.0)"
176.00889587402344,178.06610107421875,84.58868408203125,87.52867126464844,90.10784149169922,91.84981536865234,"('Good pose!', 1.0)"
176.6276397705078,176.84283447265625,84.48919677734375,87.7657470703125,92.3564224243164,88.8591079711914,"('Good pose!', 1.0)"
176.5265350341797,176.0544891357422,84.85984802246094,86.99300384521484,92.27493286132812,88.45323944091797,"('Good pose!', 1.0)"
176.57955932617188,176.02391052246094,84.46517181396484,87.46512603759766,91.91836547851562,88.75480651855469,"('Good pose!', 1.0)"
176.55667114257812,176.00027465820312,83.54923248291016,88.23981475830078,91.34713745117188,89.4207534790039,"('Good pose!', 1.0)"
176.70120239257812,176.47381591796875,83.87120056152344,88.3268814086914,89.83129119873047,91.14564514160156,"('Good pose!', 1.0)"
176.67369079589844,176.2589111328125,83.31282043457031,88.74578094482422,91.27717590332031,89.59683227539062,"('Good pose!', 1.0)"
176.645263671875,176.2176513671875,82.91636657714844,89.03250885009766,90.829833984375,90.08419799804688,"('Good pose!', 1.0)"
176.45431518554688,176.3150177001953,83.69022369384766,88.21745300292969,92.73916625976562,88.12248992919922,"('Good pose!', 1.0)"
176.40846252441406,176.04270935058594,83.20701599121094,88.45294189453125,93.11177825927734,87.67942810058594,"('Good pose!', 1.0)"
176.3848876953125,175.46339416503906,84.89958953857422,86.63148498535156,93.9801254272461,86.33708190917969,"('Good pose!', 1.0)"
176.51211547851562,175.27987670898438,84.571533203125,86.89069366455078,93.88883209228516,86.44093322753906,"('Good pose!', 1.0)"
177.07347106933594,174.86007690429688,84.90279388427734,86.63743591308594,93.56784057617188,86.82546997070312,"('Good pose!', 1.0)"
176.24453735351562,176.79869079589844,85.16714477539062,86.89021301269531,93.16470336914062,87.82115936279297,"('Good pose!', 1.0)"
176.0642547607422,176.07005310058594,86.11076354980469,85.8098373413086,93.09309387207031,87.12062072753906,"('Good pose!', 1.0)"
176.07815551757812,176.1311798095703,85.78926849365234,85.90519714355469,93.01254272460938,87.50233459472656,"('Good pose!', 1.0)"
176.67369079589844,176.00904846191406,85.58504486083984,86.52996826171875,92.20291137695312,88.36481475830078,"('Good pose!', 1.0)"
176.7054443359375,176.15199279785156,85.4862060546875,87.23576354980469,89.8870620727539,90.2484130859375,"('Good pose!', 1.0)"
176.68502807617188,176.04360961914062,84.46022033691406,88.26771545410156,89.3351058959961,90.66560363769531,"('Good pose!', 1.0)"
176.975341796875,175.37100219726562,85.43314361572266,87.32459259033203,88.58502960205078,91.00358581542969,"('Good pose!', 1.0)"
176.5063018798828,176.52964782714844,85.17767333984375,87.70429992675781,86.28807067871094,93.86591339111328,"('Good pose!', 1.0)"
177.29147338867188,176.1128387451172,82.48775482177734,90.68592071533203,91.77198791503906,88.4586410522461,"('Good pose!', 1.0)"
178.571044921875,175.40284729003906,73.20026397705078,99.88041687011719,93.49922943115234,87.39398956298828,"('Good pose!', 1.0)"
177.35890197753906,174.9458770751953,72.04934692382812,100.24200439453125,93.19099426269531,86.82244873046875,"('Good pose!', 1.0)"
177.14573669433594,175.92453002929688,69.90807342529297,101.55065155029297,97.97557067871094,83.63597106933594,"('Good pose!', 1.0)"
179.1356658935547,174.68264770507812,63.89609909057617,108.03733825683594,92.88938903808594,88.99546813964844,"('Good pose!', 1.0)"
178.58587646484375,174.218505859375,71.51995849609375,101.09158325195312,86.41366577148438,93.7791748046875,"('Good pose!', 1.0)"
177.39352416992188,174.56312561035156,88.92341613769531,83.26309967041016,90.87327575683594,88.89686584472656,"('Good pose!', 1.0)"
177.5491943359375,174.87747192382812,80.4472885131836,91.9264144897461,94.6626205444336,85.39033508300781,"('Good pose!', 1.0)"
179.55349731445312,175.65394592285156,73.1236343383789,100.71206665039062,91.78845977783203,89.5832748413086,"('Good pose!', 1.0)"
179.48980712890625,175.337158203125,73.14225006103516,101.16751861572266,92.53731536865234,89.0002670288086,"('Good pose!', 1.0)"
179.80889892578125,176.3808135986328,73.23458099365234,101.7164077758789,94.69696807861328,86.92395782470703,"('Good pose!', 1.0)"
179.65225219726562,174.13693237304688,82.8695297241211,90.15522003173828,91.00365447998047,89.76078796386719,"('Good pose!', 1.0)"
177.00180053710938,174.02566528320312,82.29171752929688,90.44024658203125,92.82563018798828,85.4698715209961,"('Good pose!', 1.0)"
176.54647827148438,174.9784393310547,84.64816284179688,87.98197937011719,94.92076110839844,83.9740219116211,"('Good pose!', 1.0)"
174.80728149414062,178.4004364013672,84.42904663085938,88.48121643066406,95.45824432373047,84.83921813964844,"('Good pose!', 1.0)"
173.574462890625,178.04017639160156,81.38723754882812,90.80766296386719,98.97554016113281,80.44420623779297,"('Good pose!', 1.0)"
176.10348510742188,176.80899047851562,81.47523498535156,90.82402038574219,99.0025634765625,81.61065673828125,"('Good pose!', 1.0)"
176.1029815673828,176.77145385742188,83.66759490966797,88.87600708007812,94.4394302368164,85.89141082763672,"('Good pose!', 1.0)"
176.97503662109375,176.4287872314453,85.0019302368164,87.66238403320312,87.08757019042969,93.65193939208984,"('Good pose!', 1.0)"
176.17330932617188,175.6573486328125,81.92031860351562,89.5726318359375,92.7291259765625,87.60857391357422,"('Good pose!', 1.0)"
177.15353393554688,174.28433227539062,79.46671295166016,91.95347595214844,93.15866088867188,86.8590087890625,"('Good pose!', 1.0)"
176.470703125,174.97152709960938,76.32291412353516,95.21176147460938,91.93892669677734,87.9686279296875,"('Good pose!', 1.0)"
177.67115783691406,175.25967407226562,76.86650848388672,95.63729858398438,93.00056457519531,87.42646026611328,"('Good pose!', 1.0)"
178.88656616210938,175.51876831054688,79.19290924072266,94.25914764404297,93.32286834716797,87.63041687011719,"('Good pose!', 1.0)"
177.0465087890625,176.279296875,74.22338104248047,97.01409149169922,92.26688385009766,89.82144165039062,"('Good pose!', 1.0)"
175.88543701171875,177.131591796875,73.67205047607422,97.34724426269531,92.30216217041016,89.69556427001953,"('Good pose!', 1.0)"
176.7049102783203,176.57701110839844,67.69200897216797,103.62179565429688,98.30672454833984,83.66139221191406,"('Good pose!', 1.0)"
176.7954864501953,176.81703186035156,66.62139892578125,104.38131713867188,97.33760070800781,85.2721939086914,"('Good pose!', 1.0)"
175.87510681152344,176.1569061279297,67.3569564819336,103.24404907226562,93.0327377319336,88.39825439453125,"('Good pose!', 1.0)"
175.84420776367188,177.0699920654297,67.81301879882812,103.2735595703125,93.25041198730469,88.57721710205078,"('Good pose!', 1.0)"
176.27310180664062,176.402099609375,67.95767211914062,103.05729675292969,93.39018249511719,88.27005767822266,"('Good pose!', 1.0)"
175.7866668701172,176.34584045410156,69.02212524414062,101.62760925292969,93.73490905761719,87.74786376953125,"('Good pose!', 1.0)"
175.47898864746094,177.0250701904297,70.98206329345703,99.44609069824219,91.90237426757812,90.17352294921875,"('Good pose!', 1.0)"
177.82041931152344,179.3153533935547,78.6014175415039,95.40751647949219,89.44131469726562,93.68551635742188,"('Good pose!', 1.0)"
175.47669982910156,175.8369598388672,84.8556900024414,87.98033905029297,107.3441162109375,71.13351440429688,"('Good pose!', 1.0)"
7.236082077026367,0.3632364571094513,87.22391510009766,84.09001922607422,84.35448455810547,79.36013793945312,"('Good pose!', 1.0)"
171.50257873535156,174.8733367919922,89.44491577148438,83.09947204589844,91.47148132324219,82.36004638671875,"('Good pose!', 1.0)"
174.7022705078125,176.50634765625,93.13204193115234,80.37349700927734,86.74238586425781,90.96070861816406,"('Good pose!', 1.0)"
175.9860076904297,175.5124053955078,94.22991180419922,78.58538055419922,83.82964324951172,94.85347747802734,"('Good pose!', 1.0)"
175.81622314453125,175.71295166015625,92.04292297363281,80.69549560546875,81.7099609375,97.0807876586914,"('Good pose!', 1.0)"
177.18731689453125,175.4570770263672,91.05928802490234,82.15354919433594,83.26985168457031,96.16169738769531,"('Good pose!', 1.0)"
178.68907165527344,175.41326904296875,88.60236358642578,84.65320587158203,83.31695556640625,97.52981567382812,"('Good pose!', 1.0)"
178.7630615234375,175.25592041015625,88.89253997802734,84.4200439453125,85.6959457397461,95.01045989990234,"('Good pose!', 1.0)"
178.9756622314453,175.00332641601562,88.81749725341797,84.48768615722656,85.56959533691406,95.10420989990234,"('Good pose!', 1.0)"
178.73316955566406,175.02798461914062,88.8899917602539,84.32674407958984,86.30427551269531,94.24014282226562,"('Good pose!', 1.0)"
179.59414672851562,174.61447143554688,87.46810150146484,86.1664047241211,83.39985656738281,97.17424774169922,"('Good pose!', 1.0)"
179.2655029296875,174.63980102539062,87.37699127197266,86.13075256347656,83.73956298828125,96.65798950195312,"('Good pose!', 1.0)"
179.66384887695312,174.7874755859375,86.05677032470703,87.93135070800781,82.99654388427734,97.4666519165039,"('Good pose!', 1.0)"
179.8454132080078,173.99346923828125,86.24656677246094,87.95040130615234,83.05097198486328,96.90013122558594,"('Good pose!', 1.0)"
179.2899627685547,173.44522094726562,86.12777709960938,87.9210433959961,85.88970184326172,94.21673583984375,"('Good pose!', 1.0)"
179.0615997314453,173.6299591064453,85.31196594238281,89.11334991455078,85.76553344726562,94.37750244140625,"('Good pose!', 1.0)"
179.3604278564453,173.90467834472656,85.65070343017578,88.5352783203125,85.59430694580078,94.76396942138672,"('Good pose!', 1.0)"
178.63613891601562,174.24649047851562,86.31025695800781,88.31562042236328,84.9744873046875,96.00997924804688,"('Good pose!', 1.0)"
179.180419921875,174.17112731933594,86.35565185546875,87.93177032470703,83.2436752319336,97.45960235595703,"('Good pose!', 1.0)"
179.21493530273438,173.95840454101562,86.81138610839844,87.24734497070312,82.59394836425781,98.09078979492188,"('Good pose!', 1.0)"
179.27146911621094,174.331298828125,87.46310424804688,86.90713500976562,86.18444061279297,94.5051498413086,"('Good pose!', 1.0)"
179.4237823486328,174.41708374023438,88.8442611694336,85.48684692382812,85.97466278076172,94.6875228881836,"('Good pose!', 1.0)"
179.44456481933594,174.58106994628906,89.03043365478516,85.35628509521484,85.64154052734375,95.10823822021484,"('Good pose!', 1.0)"
179.52056884765625,174.7911834716797,88.51397705078125,85.87507629394531,84.72513580322266,96.15642547607422,"('Good pose!', 1.0)"
179.9512176513672,174.68621826171875,88.7304916381836,85.51654815673828,86.80534362792969,93.68263244628906,"('Good pose!', 1.0)"
179.91714477539062,174.3343048095703,85.29222106933594,88.35877990722656,86.59230041503906,94.17385864257812,"('Good pose!', 1.0)"
179.92947387695312,173.75450134277344,83.7352066040039,89.53797149658203,84.4266357421875,96.12519836425781,"('Good pose!', 1.0)"
179.3254852294922,172.5977020263672,80.65834045410156,92.08035278320312,86.15919494628906,94.37432861328125,"('Good pose!', 1.0)"
179.171142578125,174.14247131347656,79.65425872802734,92.82616424560547,87.6830062866211,93.15019226074219,"('Good pose!', 1.0)"
179.39683532714844,175.01393127441406,87.01312255859375,85.88104248046875,90.1036376953125,91.4129638671875,"('Good pose!', 1.0)"
179.55747985839844,174.5553436279297,82.44658660888672,90.41531372070312,92.09300994873047,89.15790557861328,"('Good pose!', 1.0)"
179.3401336669922,175.50160217285156,95.22154998779297,78.06413269042969,87.33574676513672,94.22032165527344,"('Good pose!', 1.0)"
178.8636932373047,175.8554229736328,92.97110748291016,80.97994995117188,87.09492492675781,93.67313385009766,"('Good pose!', 1.0)"
175.26046752929688,178.68380737304688,96.04344940185547,76.96735382080078,84.65116882324219,96.28230285644531,"('Good pose!', 1.0)"
176.20909118652344,177.73175048828125,91.22777557373047,81.89642333984375,87.50028991699219,93.31634521484375,"('Good pose!', 1.0)"
179.79681396484375,174.3541259765625,84.51536560058594,88.81953430175781,84.05592346191406,96.7601089477539,"('Good pose!', 1.0)"
179.8596649169922,174.91551208496094,81.36961364746094,92.30399322509766,87.17249298095703,93.92906951904297,"('Good pose!', 1.0)"
179.52609252929688,174.29379272460938,78.43640899658203,94.77771759033203,88.54627227783203,93.00728607177734,"('Good pose!', 1.0)"
179.29733276367188,175.69308471679688,82.4738998413086,90.70162963867188,89.92941284179688,91.88548278808594,"('Good pose!', 1.0)"
175.97608947753906,176.4101104736328,89.21308898925781,82.810791015625,89.78897094726562,90.5733642578125,"('Good pose!', 1.0)"
176.22801208496094,177.26312255859375,92.09688568115234,80.36913299560547,87.29898834228516,93.72612762451172,"('Good pose!', 1.0)"
176.2635498046875,177.62608337402344,91.18318176269531,81.50914764404297,89.19989013671875,91.9974136352539,"('Good pose!', 1.0)"
176.04322814941406,177.55084228515625,92.15084838867188,80.29997253417969,88.4854736328125,92.65776824951172,"('Good pose!', 1.0)"
176.2030029296875,177.98068237304688,87.48426818847656,85.3354721069336,89.63655853271484,91.72737884521484,"('Good pose!', 1.0)"
176.44944763183594,178.2191162109375,86.43862915039062,86.4886245727539,90.21261596679688,91.52869415283203,"('Good pose!', 1.0)"
176.46017456054688,178.18881225585938,86.80797576904297,86.60420989990234,87.46753692626953,93.7692642211914,"('Good pose!', 1.0)"
175.8014678955078,178.3670654296875,89.00399017333984,84.44515228271484,84.19609832763672,96.5232925415039,"('Good pose!', 1.0)"
175.1815185546875,178.5693359375,90.89169311523438,82.55715942382812,83.09701538085938,97.2049789428711,"('Good pose!', 1.0)"
176.69813537597656,177.21226501464844,95.84890747070312,78.07238006591797,83.4422378540039,96.54688262939453,"('Good pose!', 1.0)"
177.07421875,176.8969268798828,81.91990661621094,91.88469696044922,86.77014923095703,93.39640045166016,"('Good pose!', 1.0)"
177.5981903076172,176.9819793701172,78.43855285644531,95.43113708496094,84.78990173339844,95.92057037353516,"('Good pose!', 1.0)"
177.4583740234375,177.68922424316406,80.29959106445312,93.74065399169922,84.99310302734375,96.11425018310547,"('Good pose!', 1.0)"
176.90203857421875,178.00181579589844,84.40333557128906,89.42174530029297,85.40181732177734,95.67694091796875,"('Good pose!', 1.0)"
176.49212646484375,177.8112335205078,82.30736541748047,91.22013854980469,86.05862426757812,94.71722412109375,"('Good pose!', 1.0)"
176.60079956054688,177.53004455566406,83.35137939453125,90.14283752441406,86.57083892822266,94.06578826904297,"('Good pose!', 1.0)"
176.5237274169922,178.0016632080078,86.06521606445312,87.47859191894531,86.24935913085938,94.73222351074219,"('Good pose!', 1.0)"
176.4698944091797,177.50973510742188,83.37409973144531,89.69422912597656,86.17215728759766,94.7391586303711,"('Good pose!', 1.0)"
176.07040405273438,177.5910186767578,85.99266052246094,86.65524291992188,85.64690399169922,95.36661529541016,"('Good pose!', 1.0)"
176.00242614746094,177.35096740722656,84.84483337402344,87.65242767333984,85.5882339477539,95.26789855957031,"('Good pose!', 1.0)"
175.56332397460938,178.88943481445312,84.8335189819336,88.2266616821289,85.85169982910156,95.54088592529297,"('Good pose!', 1.0)"
175.7569122314453,179.01365661621094,84.83887481689453,88.4043960571289,86.37522888183594,95.15206909179688,"('Good pose!', 1.0)"
176.1910400390625,178.5041961669922,83.75701141357422,90.05777740478516,86.27295684814453,94.60748291015625,"('Good pose!', 1.0)"
176.8394775390625,178.1190185546875,81.40306091308594,92.5250015258789,88.34162139892578,92.68882751464844,"('Good pose!', 1.0)"
176.6023406982422,178.2175750732422,81.74774169921875,92.08644104003906,87.4879379272461,93.49779510498047,"('Good pose!', 1.0)"
176.6619873046875,177.97483825683594,81.14960479736328,92.42375183105469,87.62237548828125,93.44109344482422,"('Good pose!', 1.0)"
176.6015167236328,178.0189666748047,80.95714569091797,92.5723876953125,87.00042724609375,94.09052276611328,"('Good pose!', 1.0)"
176.801025390625,177.84469604492188,83.70551300048828,89.67706298828125,86.7248306274414,94.5383071899414,"('Good pose!', 1.0)"
176.69976806640625,177.7647247314453,81.17040252685547,92.0654525756836,85.22041320800781,96.00823211669922,"('Good pose!', 1.0)"
176.25413513183594,177.70579528808594,81.91743469238281,91.06844329833984,85.37057495117188,95.60347747802734,"('Good pose!', 1.0)"
176.22247314453125,178.13629150390625,82.76570892333984,90.5135498046875,87.38809967041016,93.69140625,"('Good pose!', 1.0)"
176.33627319335938,177.93174743652344,82.38043212890625,90.76761627197266,85.8719711303711,95.24800872802734,"('Good pose!', 1.0)"
176.37557983398438,178.13055419921875,82.46495056152344,90.66975402832031,85.28999328613281,96.08143615722656,"('Good pose!', 1.0)"
176.7284393310547,177.4318084716797,89.18768310546875,83.87338256835938,87.60438537597656,93.49480438232422,"('Good pose!', 1.0)"
176.7423858642578,176.1715087890625,86.6609115600586,86.2370834350586,85.0877914428711,94.9281005859375,"('Good pose!', 1.0)"
176.5317840576172,176.6546173095703,87.58101654052734,85.27230072021484,93.06764221191406,87.26542663574219,"('Good pose!', 1.0)"
176.82437133789062,176.23715209960938,83.40909576416016,89.19187927246094,92.16334533691406,88.29720306396484,"('Good pose!', 1.0)"
176.91183471679688,175.38818359375,88.48033142089844,84.14169311523438,87.77906799316406,91.89893341064453,"('Good pose!', 1.0)"
178.20297241210938,175.41099548339844,83.00553131103516,90.32567596435547,91.72815704345703,88.55459594726562,"('Good pose!', 1.0)"
178.3536834716797,175.2177276611328,82.22937774658203,91.2214584350586,90.80213928222656,89.31842803955078,"('Good pose!', 1.0)"
178.15835571289062,176.4905242919922,80.40135955810547,93.1242446899414,90.61518096923828,90.50810241699219,"('Good pose!', 1.0)"
178.58229064941406,175.86178588867188,80.22400665283203,93.50148010253906,88.68839263916016,92.03018951416016,"('Good pose!', 1.0)"
177.7512664794922,176.40997314453125,80.9275894165039,92.26274871826172,84.90304565429688,96.06786346435547,"('Good pose!', 1.0)"
177.47708129882812,176.11044311523438,80.95101165771484,91.47904968261719,83.66363525390625,97.49382781982422,"('Good pose!', 1.0)"
177.17257690429688,177.5460662841797,81.89653778076172,91.55250549316406,90.62374877929688,90.6458511352539,"('Good pose!', 1.0)"
179.0946044921875,177.6156005859375,82.51345825195312,92.57164001464844,90.96460723876953,90.66049194335938,"('Good pose!', 1.0)"
179.16993713378906,177.4828643798828,84.39216613769531,90.8938217163086,92.74491119384766,88.62189483642578,"('Good pose!', 1.0)"
178.8244171142578,174.15682983398438,74.32044982910156,98.18702697753906,93.73115539550781,86.74262237548828,"('Good pose!', 1.0)"
179.76036071777344,175.392578125,77.25413513183594,97.12045288085938,85.978271484375,94.8000717163086,"('Good pose!', 1.0)"
179.7281494140625,174.38771057128906,80.08650207519531,94.02711486816406,84.57891082763672,95.967041015625,"('Good pose!', 1.0)"
178.91635131835938,174.78599548339844,77.15308380126953,95.77500915527344,89.83124542236328,90.9430160522461,"('Good pose!', 1.0)"
176.8614501953125,176.0855712890625,79.19796752929688,93.5238265991211,86.4205551147461,93.80467224121094,"('Good pose!', 1.0)"
177.16807556152344,177.35301208496094,75.1163330078125,97.89771270751953,86.17322540283203,95.33381652832031,"('Good pose!', 1.0)"
176.4815673828125,178.11981201171875,78.23161315917969,94.4483871459961,86.75068664550781,95.17069244384766,"('Good pose!', 1.0)"
177.52719116210938,176.2366943359375,80.0208969116211,92.560302734375,88.6525650024414,92.5301284790039,"('Good pose!', 1.0)"
177.4826202392578,176.17164611816406,81.55937957763672,90.9876708984375,87.11222076416016,93.99497985839844,"('Good pose!', 1.0)"
177.55496215820312,175.52244567871094,80.64156341552734,92.12944030761719,84.33063507080078,95.97576904296875,"('Good pose!', 1.0)"
177.11782836914062,176.18397521972656,81.02100372314453,91.61768341064453,83.4515609741211,97.21154022216797,"('Good pose!', 1.0)"
175.5506591796875,176.08995056152344,80.0401840209961,91.7557373046875,83.58271026611328,96.2619857788086,"('Good pose!', 1.0)"
175.65382385253906,175.51979064941406,80.38924407958984,91.206298828125,85.47486114501953,94.10319519042969,"('Good pose!', 1.0)"
175.5688934326172,175.64295959472656,80.23619079589844,91.59465026855469,83.6860580444336,95.69495391845703,"('Good pose!', 1.0)"
175.63983154296875,176.12490844726562,81.09065246582031,90.92343139648438,84.73402404785156,95.0166244506836,"('Good pose!', 1.0)"
175.0497283935547,176.85574340820312,84.09264373779297,88.05138397216797,84.42729187011719,95.33415222167969,"('Good pose!', 1.0)"
176.20587158203125,176.13514709472656,83.5899887084961,88.81110382080078,84.60679626464844,95.33313751220703,"('Good pose!', 1.0)"
176.4381561279297,176.35621643066406,84.24539184570312,88.39923858642578,85.06954956054688,95.08019256591797,"('Good pose!', 1.0)"
176.546630859375,176.22410583496094,83.81063079833984,88.90756225585938,85.92224884033203,94.13029479980469,"('Good pose!', 1.0)"
176.43426513671875,176.69522094726562,83.20527648925781,89.49197387695312,86.04066467285156,94.39156341552734,"('Good pose!', 1.0)"
175.65267944335938,176.60296630859375,84.25691986083984,88.1048812866211,84.95854949951172,94.93528747558594,"('Good pose!', 1.0)"
175.1902313232422,177.58970642089844,83.81605529785156,88.6103515625,84.32122802734375,96.03229522705078,"('Good pose!', 1.0)"
174.99090576171875,177.15457153320312,83.47540283203125,88.54226684570312,83.37895965576172,96.74884033203125,"('Good pose!', 1.0)"
174.63731384277344,178.16783142089844,83.80220794677734,88.17195129394531,85.29121398925781,95.5397720336914,"('Good pose!', 1.0)"
175.0990447998047,177.89056396484375,84.24951171875,88.3022689819336,85.39703369140625,95.04078674316406,"('Good pose!', 1.0)"
175.17291259765625,177.37838745117188,83.27198028564453,89.2208023071289,84.47814178466797,95.58037567138672,"('Good pose!', 1.0)"
175.34742736816406,177.39344787597656,83.73998260498047,88.88001251220703,84.75482177734375,95.3660659790039,"('Good pose!', 1.0)"
175.43011474609375,177.1554718017578,84.3892593383789,88.0384750366211,83.042724609375,97.11511993408203,"('Good pose!', 1.0)"
176.3963165283203,178.00567626953125,84.74313354492188,88.55323791503906,83.28612518310547,97.81949615478516,"('Good pose!', 1.0)"
177.10618591308594,178.37855529785156,82.51725769042969,91.62428283691406,89.04732513427734,92.29586791992188,"('Good pose!', 1.0)"
176.7764434814453,178.3877716064453,80.14105224609375,93.69921875,89.48318481445312,91.84076690673828,"('Good pose!', 1.0)"
176.89842224121094,178.39515686035156,78.6071548461914,95.20877075195312,89.11404418945312,92.36361694335938,"('Good pose!', 1.0)"
177.043212890625,178.21153259277344,78.3045883178711,95.65960693359375,89.43304443359375,91.85751342773438,"('Good pose!', 1.0)"
177.10848999023438,177.83416748046875,78.4590072631836,95.08856201171875,89.58296203613281,91.8121337890625,"('Good pose!', 1.0)"
176.57626342773438,178.4551544189453,80.49236297607422,93.12429809570312,89.7373275756836,91.67743682861328,"('Good pose!', 1.0)"
